passenger1,passenger2,Number of flights together
746,749,5
713,714,5
931,990,4
1025,1045,5
1021,1072,5
1001,1095,9
1038,1045,5
1002,308,5
1029,381,4
1001,355,5
1411,1500,4
392,751,4
360,768,6
1223,314,5
2115,2189,4
2135,2163,4
2111,2162,4
2154,2169,4
2447,2469,4
2579,2599,5
2510,2568,7
2684,2696,4
255,276,5
518,550,4
529,545,4
602,696,6
611,677,4
764,766,6
744,756,4
721,763,5
705,707,5
752,758,5
822,844,5
917,996,4
962,986,4
1050,1095,6
1057,305,4
1031,395,6
1053,362,5
1056,751,6
1029,739,4
1035,758,5
362,751,4
1512,1574,4
1922,1937,4
1984,1986,4
1994,1996,4
2109,2115,4
2129,2137,4
2136,2158,4
2231,2232,4
2414,2481,4
2446,2492,5
2531,2560,5
2743,2754,6
2709,2792,4
2813,2840,4
2924,2963,4
2924,2985,4
1625,430,4
3135,3153,4
3167,3188,5
3341,3369,4
3146,610,6
274,3157,4
274,624,4
232,3101,5
3180,650,6
3463,3491,4
3539,3585,6
3552,3556,4
3545,3590,4
3563,3578,5
3164,618,4
203,632,4
3663,3668,4
3675,3681,5
3421,746,4
3410,763,4
3739,3787,4
3904,3933,4
4023,4026,4
281,3159,4
4154,4175,5
468,677,5
1300,2510,4
2521,650,4
1034,1616,9
1677,3173,4
1509,3994,6
2246,3548,4
2280,3576,4
1250,3087,6
154,3019,5
1288,3077,4
3071,391,4
4210,4220,4
4243,4256,4
2968,933,5
1503,211,4
1598,266,6
274,3966,5
4036,4398,6
2225,3528,7
2226,3597,4
3611,53,4
187,3657,4
2325,2407,5
4054,4389,5
4002,4387,4
4069,4380,4
4010,4384,4
4632,4677,5
4656,4671,5
4650,4657,4
4605,4692,4
1464,407,7
1371,2717,8
1369,1444,4
2759,2969,8
1976,4091,6
3669,61,4
1666,4373,5
2906,4332,4
2783,4044,5
4850,4876,7
4813,4880,6
2620,3932,4
1472,2502,5
5220,5289,4
5311,5393,5
2951,3681,4
2441,946,4
2458,2910,4
2223,2935,4
3578,3678,4
1321,2427,4
3537,3679,4
1398,2284,4
2295,3603,5
1343,2212,4
4522,5310,6
184,950,6
1375,2869,5
5177,851,5
3412,5112,4
5483,5498,4
5483,5484,4
5494,5499,4
5416,5463,4
4641,5025,4
3367,3455,4
5550,5551,4
5667,5685,4
5615,5693,4
5615,5618,4
4042,5484,6
1371,5464,6
2941,5471,5
4013,5467,4
4395,5466,4
1186,262,4
4376,780,4
4294,5060,4
4237,5390,4
5773,5775,6
5727,5733,4
4609,4903,7
1884,4946,4
3231,4104,5
1649,3587,4
624,727,4
399,955,4
2068,338,5
132,226,4
132,2909,4
5909,5993,4
5941,5991,5
5938,5994,4
5912,5934,5
5995,5998,6
1982,2137,4
6009,6041,4
6008,6077,6
6001,6039,7
6116,6186,4
6111,6169,5
6169,6177,5
3600,3700,5
1034,5792,4
3544,6047,6
4942,5491,6
1808,5464,4
1808,5486,4
6428,6480,6
4609,4967,4
2383,3109,4
6730,6735,6
5084,6027,4
4646,5055,4
6927,6931,4
7389,7397,4
7454,7460,4
7509,7594,5
1034,5707,5
2501,5792,7
5595,6730,4
170,3302,4
1423,798,4
477,5734,6
3587,4871,5
3889,4827,5
5724,6008,5
6613,7253,5
1315,3573,4
2182,53,4
4217,4314,4
8112,8194,4
8119,8167,7
5777,6010,5
2826,4104,4
7342,7733,4
7733,8384,4
2905,5377,4
1291,1691,6
2910,816,4
2546,885,4
3762,802,5
2719,4591,4
1315,8373,6
3171,7433,4
3472,6937,5
4641,8006,4
5769,6874,5
5494,6408,4
6016,6878,4
1817,4316,4
1817,6832,4
477,6824,4
5440,5977,5
5761,6049,4
6897,959,4
3576,5788,5
3544,5798,4
2294,6885,4
6469,6898,4
2993,6049,4
2993,4316,4
6047,6844,4
1884,324,4
3284,7336,5
6860,7740,4
5789,7832,4
8703,8775,4
8721,8722,4
3898,606,5
2906,7605,7
8132,95,4
8803,8846,4
8948,8983,4
8914,9000,4
3021,4502,5
1223,4514,4
1468,3140,4
5423,7602,5
2032,3609,4
1106,3345,4
3560,5212,4
9074,9078,4
2723,3657,4
4862,7713,4
4846,8882,6
4047,7384,4
1320,8738,4
5620,9083,4
4247,9089,4
4147,8279,4
5490,5819,4
4700,8403,4
340,6259,5
2575,3302,4
5489,9007,4
3405,4862,4
9405,9495,4
9548,9581,5
2247,467,4
9611,9659,4
9624,9642,5
9640,9690,5
9767,9783,4
3468,866,4
4389,9394,4
5027,6293,4
3432,5109,4
2723,734,4
9919,9922,4
9919,9945,4
9949,9983,4
5869,6523,8
8516,8826,4
920,9240,4
147,5867,4
1335,8515,4
2185,8149,6
1386,5742,4
1321,4056,5
5198,7718,5
8158,8411,4
1677,2886,5
5423,6100,4
451,7868,4
5652,9628,5
300,9611,4
187,9611,5
5672,9624,4
7131,9664,5
3601,9669,4
4329,5383,4
4329,5683,4
5096,9619,5
1800,816,4
174,61,6
148,3187,6
10046,9366,5
1321,5867,4
1031,4978,4
4451,6622,4
1266,544,4
6205,8721,4
3611,6741,4
1437,9014,5
10322,10357,4
10322,10368,4
3925,848,4
3925,6831,4
2960,8441,4
10396,7298,5
10346,8363,6
10322,3418,5
10430,10480,4
10492,10494,5
10448,10495,4
10480,10485,4
10480,10486,4
10425,10428,4
10459,10472,4
10423,10490,4
10442,10480,4
5383,5770,4
9151,9875,4
281,7799,4
10373,7768,4
10539,10570,4
10552,10565,5
2068,9874,5
3339,525,4
2068,3418,4
3741,4850,4
8614,8882,5
6956,7568,4
4170,6827,4
2945,392,5
2090,7560,5
10766,10774,4
10774,10780,4
10712,10786,4
10780,10796,4
1561,8001,5
10371,6089,6
1389,8998,5
841,9924,4
10596,10640,5
11071,11077,6
4623,6093,4
1276,5873,6
2754,4513,4
11169,11198,4
11106,11118,4
11118,11141,4
11129,11190,4
11150,11153,4
11122,11180,4
8167,8502,4
5957,9752,4
9828,9997,4
11276,2097,4
10770,2345,4
10774,7898,4
11360,11395,4
11339,11387,4
11370,11388,4
211,4715,4
10530,9026,4
10481,9959,4
7616,8520,4
218,5021,5
10271,1342,6
10535,10697,4
6180,8017,4
4293,9977,6
10411,10651,4
1246,7349,7
10975,5734,4
7511,8529,4
7737,9770,5
3187,4803,4
4641,8363,5
11856,11871,4
11843,11878,4
5056,9282,5
1263,7837,5
11003,3502,4
3343,8289,5
2392,7590,4
5882,9653,4
10354,7327,5
1097,9258,4
2479,4121,5
2479,4689,4
1138,1404,4
1670,557,4
241,4269,5
400,5209,5
10058,4121,4
2108,4689,7
614,863,5
4689,6053,7
3432,8266,5
4217,4823,4
1820,4814,5
11418,9351,4
11957,5873,4
10460,4737,6
1528,8368,4
5653,7950,5
8257,9977,4
10833,8596,6
3367,8006,4
10806,9057,5
1424,9685,4
5958,9355,6
1383,2702,5
1521,6205,4
10022,9331,5
1747,637,4
4802,7737,4
4165,7636,4
10767,11948,4
3361,582,4
6464,8406,4
11883,6464,4
2437,5093,4
3322,7682,4
10719,5277,5
10719,6777,4
10719,5096,4
8901,9544,5
1041,9977,4
10123,258,4
2054,6114,4
2458,9359,4
10024,4675,5
4917,6317,5
10022,6114,4
10089,6317,5
2811,6184,4
4626,8922,4
4626,5540,4
10109,10857,4
10516,9501,4
2275,9829,4
2758,7481,5
10267,10572,6
8827,9522,4
1687,3943,4
1378,4287,4
435,5711,4
10461,7777,4
6246,9062,4
1555,6246,4
763,9114,6
12002,5798,4
2378,5136,4
1218,8024,4
11954,5007,4
10837,8076,5
1573,953,4
11280,6947,4
2964,4816,5
311,5653,5
12043,779,5
3067,779,4
5123,6658,5
10780,5955,4
11807,611,4
4927,5046,4
2545,3665,6
11562,12552,7
1482,4082,5
6452,6843,5
6865,9862,4
1410,435,4
12323,5101,8
7903,9077,4
12514,4746,4
10478,4827,4
12746,12764,6
2223,7850,4
2767,8261,4
5998,8261,4
2518,86,4
11542,2518,4
12298,697,4
12841,4854,6
6905,8566,5
11214,8871,4
3149,5147,4
13414,13438,4
13411,13416,5
588,9984,4
7350,9856,5
2160,2810,4
3220,993,4
11588,7903,4
13462,13549,4
13627,1651,5
10507,3702,5
13112,2076,4
649,7547,4
13119,8554,4
13861,13885,4
13846,2925,5
10685,582,4
3874,4243,5
6573,9408,4
4620,8998,4
10653,11872,6
3883,942,4
1033,4070,4
11379,9703,4
1064,1829,4
10798,12582,4
1128,8005,4
2565,7877,5
13251,9217,6
2778,3078,4
6335,8091,5
3380,5661,4
14048,14069,4
14014,14022,4
338,5848,4
628,9355,4
3953,9991,6
11326,2274,4
7608,9441,4
10314,8411,5
6382,6494,4
2713,5171,4
4129,9280,5
12323,6857,5
13284,5754,5
11587,4957,5
5319,9494,4
1108,3889,4
5480,6695,4
2069,2964,4
3319,6323,4
4685,4770,4
7114,8810,4
5111,5201,4
5201,7721,6
2868,6575,4
2099,2922,4
10837,1162,4
2350,7661,4
2639,712,5
1057,7288,4
11513,13232,5
2713,8215,4
10652,8961,5
13295,6545,4
14095,9688,4
14639,14691,4
14701,14778,4
14739,14770,4
3923,5545,4
15153,15160,5
15160,8961,4
15153,954,4
15112,1740,4
210,212,4
244,295,5
232,248,4
737,774,5
749,793,5
833,895,4
1019,1098,4
1026,1053,5
1128,1173,4
1149,1197,4
1351,1356,6
1914,1984,4
1914,1971,4
1966,1974,4
1969,1970,4
1974,1991,6
1918,1970,6
2135,2145,4
2122,2158,4
2134,2141,4
2154,2179,4
570,597,4
511,592,6
716,747,5
712,759,5
843,881,4
1071,307,4
1007,354,4
1727,1744,4
1836,1848,4
2117,2174,9
2208,2262,4
2203,2209,5
2406,2478,4
2413,2429,4
2407,2427,7
2410,2496,4
2434,2465,4
2427,2458,7
2438,2500,5
2415,2475,5
2075,2328,6
3012,3036,4
3016,3060,4
1299,1625,4
1644,485,4
3164,3176,4
3122,3182,5
3127,3165,4
3134,3155,4
3275,3286,4
3203,3204,4
3199,658,4
3440,3451,4
3479,3483,4
3475,3483,5
3405,3410,5
3441,3452,4
3575,3588,4
3637,3691,5
3607,3637,4
1053,3410,5
1095,3490,4
3743,3785,4
3830,3845,4
3919,3952,5
3904,3978,5
4004,4041,4
4044,4053,7
205,2560,4
358,467,4
1211,2626,4
2655,3913,5
1542,3940,4
2400,3005,4
4202,4283,4
4241,4283,5
4234,4252,4
2514,275,4
4362,4388,4
1351,905,6
1322,930,5
1298,1598,4
1506,2560,4
3702,888,4
4405,4499,4
4405,4469,4
4012,4353,6
4010,4340,5
4608,4667,4
4677,4690,5
4667,4686,4
2790,64,4
2894,967,4
2743,2912,5
2390,3672,4
2767,4656,4
2959,4083,5
2906,4035,6
4811,4830,4
4850,4874,5
4903,4916,5
4946,4969,5
4917,4925,5
211,3518,4
1428,1849,4
5119,5178,4
1960,3368,6
3246,4397,4
5321,5323,4
2965,3554,4
2932,3578,4
2405,3540,4
1384,3537,4
3554,3993,4
5401,5490,4
5443,5486,6
5423,5459,4
5409,5440,4
2710,4647,4
3380,758,4
3294,4177,5
1482,5496,4
4083,5419,5
3426,5611,5
1722,4224,4
5096,5370,4
5770,5782,5
5707,5797,5
5724,5789,4
147,1538,4
4611,4969,4
3977,4927,5
1046,4632,5
1649,2691,4
1219,5143,4
132,3493,4
5970,5984,5
5919,5922,5
1943,5808,4
1982,5133,4
5615,6132,4
6345,6377,4
2697,688,5
1616,5978,4
2869,5775,5
5793,5946,4
4942,6001,6
5423,6020,4
3576,5494,6
2789,6100,5
3964,6073,4
5421,681,4
6447,6456,4
1692,5420,4
3998,4656,4
2544,5467,4
3527,4593,7
5460,6092,4
3940,4632,4
3572,4542,4
3492,3861,4
1572,4069,4
1572,4542,4
6710,6724,4
6720,6739,5
6812,6879,5
6817,6869,6
4647,6092,4
4212,4552,4
4292,5042,4
1801,4542,4
3404,631,5
2848,5455,4
3208,4552,4
4739,6570,4
7168,7197,5
2786,5959,4
5717,5991,4
5529,6777,4
4435,7603,5
1009,7693,4
1817,5788,6
5724,5954,6
4148,4626,5
1677,2226,4
7741,7763,5
7713,7737,4
7765,7785,4
2700,4827,6
1250,5911,4
7830,7899,4
2909,7363,4
1329,3503,6
4217,53,4
1994,4223,4
2288,5048,5
2288,4217,4
8037,8093,8
4534,5800,5
172,411,4
1347,3294,4
4700,5766,5
8314,8351,4
4854,677,4
1158,2272,4
6565,8246,4
6580,7543,4
1436,2401,5
2645,7433,6
324,6869,4
1619,6829,4
2734,6855,4
5977,6833,4
2717,6847,4
2717,5977,6
6063,6872,5
4674,6830,4
5966,6836,4
6077,6809,4
4607,6880,4
5954,6866,4
184,6874,4
6469,6878,4
2993,6075,4
1865,5966,4
1613,4552,4
5668,8402,5
2575,5707,4
5012,7437,5
2530,896,4
2378,7793,5
3509,8375,4
167,8234,5
8289,975,4
8724,8775,4
8702,8721,5
3330,8158,6
2326,3855,4
1432,7601,5
2868,8190,4
8958,8984,4
8901,8922,4
8950,8957,4
1169,2928,4
6040,8045,4
3670,8624,4
1701,5279,4
1106,4786,4
3802,92,10
1933,3345,5
1938,3012,4
312,8248,4
5332,6127,4
5332,6338,7
4838,7705,4
1729,5265,4
1337,8276,5
1955,4761,6
393,439,4
9125,9150,4
8012,8561,4
8542,8837,5
8358,8548,6
7327,8702,5
3590,6707,8
5584,8289,4
5505,8209,6
4249,4497,5
5695,9035,4
1378,8266,6
9240,9249,4
9223,9258,7
4395,6100,5
5590,5989,5
3177,5989,5
1244,1613,4
1095,2124,4
432,6783,4
9374,9400,4
2728,7551,6
9562,9598,7
9649,9679,6
9611,9618,5
9665,9684,6
9622,9693,6
9710,9748,5
6084,8269,4
5560,9532,5
135,8518,4
4989,5855,4
2625,8961,5
1046,3286,4
4860,9618,5
4329,9690,4
4329,9619,4
2024,4774,7
2012,3064,6
2345,3187,6
3894,8260,4
10086,9392,4
6733,6857,5
5538,8225,5
2967,9014,5
10325,10353,4
10315,10384,5
10315,10349,5
2960,6441,6
4404,9964,4
10377,4249,4
10476,10492,5
10439,10456,4
10419,10453,5
4275,7520,8
5048,6512,5
10335,9006,4
6202,7951,4
2068,5544,6
4468,9052,4
1917,3286,5
1917,6805,5
5423,92,4
10625,10698,4
10690,7636,5
6588,9229,4
7023,8557,4
259,3173,4
2841,4034,5
5503,6560,5
10702,10731,4
10742,10778,4
10706,10737,4
10713,10714,4
10737,10762,5
10703,10767,4
3459,613,5
10841,10900,4
10910,10962,4
3503,92,6
11046,11062,5
10328,11001,5
11106,11114,4
11118,11145,4
11161,11193,4
11176,11191,4
11143,11191,4
11121,11190,4
11120,11137,4
11120,11196,4
11114,11199,4
7656,9259,4
11296,1343,4
5459,6783,6
10737,6560,4
10799,2345,4
11330,11336,5
4080,5207,4
3223,7373,5
3249,4165,6
6141,6759,4
10253,6529,4
10576,4293,4
1464,2097,4
1164,5734,4
1678,8445,6
4496,6858,4
10975,8444,5
1191,8801,4
11777,11784,4
1955,360,5
10177,10850,4
10310,1263,5
1024,4707,5
2976,7682,4
10615,11853,4
6689,9812,4
11919,11939,4
3416,7919,6
2100,3367,4
4337,4584,5
1138,4689,4
10016,4121,4
1609,9305,4
1762,5016,4
888,8912,4
371,557,5
2174,736,6
2503,4823,5
4318,4823,4
2532,614,5
10037,8266,4
4580,8912,4
3117,4641,4
11407,12000,4
10010,11987,4
557,6810,4
10298,5549,4
2458,7983,5
293,8572,4
10541,3090,5
10497,3416,4
7162,8363,6
6113,9376,5
3367,5081,4
3117,8017,5
11946,9790,4
8644,8851,4
4161,8121,4
4917,5623,4
10018,6471,4
11400,9331,4
5560,7684,4
1024,10975,4
11914,9513,5
11914,1562,4
10975,9441,6
11930,2097,4
11930,8040,5
3519,3921,4
3921,6823,5
10767,11880,4
10778,8406,4
4945,582,4
3361,7825,4
10234,10310,4
10234,10778,4
382,9951,4
1154,1900,5
2441,5551,5
5395,9930,4
2489,8299,5
4056,8245,5
2054,6317,4
7191,7881,4
8653,9395,4
11749,5867,4
6465,9824,5
10509,2097,5
10009,3934,4
10347,1770,4
11098,8015,4
11201,3117,4
10016,6080,4
10352,10616,4
10283,9282,4
8035,8736,5
10316,11166,4
2489,8873,4
1232,5009,4
1178,7453,4
10243,3569,4
10749,6622,6
1129,11897,4
11680,8427,4
1561,3528,4
7477,9623,4
11274,12005,5
12537,12544,5
10015,2465,6
5219,8290,5
1772,6915,5
3665,4272,5
2941,8901,4
10043,5963,5
3992,9242,5
8317,905,6
2325,7368,4
1575,7361,4
4828,7727,4
5009,6865,4
10130,9600,5
12310,3292,4
2653,5120,4
5958,7307,6
12063,1733,4
11307,1466,7
4791,9523,5
2223,7962,4
11098,11280,4
12230,972,4
10294,8752,4
1281,2548,4
2068,9816,4
13259,13288,5
13272,13284,4
13450,13462,4
2149,8909,4
12614,8355,4
13613,13616,4
1689,4940,4
3992,4774,4
638,8539,4
10554,7657,4
5529,5788,4
12163,1460,6
11812,3512,4
12587,6860,4
6060,9182,4
3665,9305,4
13714,13777,4
10938,11756,4
13258,7987,4
12189,276,4
10689,13663,4
13842,9179,5
2605,6072,4
6332,9890,4
8211,8729,5
3883,8551,4
10812,11527,4
10340,10762,5
11593,741,5
501,7451,4
10760,12582,4
8132,9653,5
12586,8036,5
4070,456,5
10798,6915,4
10909,3953,4
13644,7321,4
13623,5046,4
11307,1850,5
5910,726,4
12286,5910,4
2251,5632,5
5836,9864,4
6553,9505,5
11594,9532,4
10681,3925,5
13404,8674,4
12013,7118,4
4516,7118,5
8385,9156,6
8211,9821,4
1656,6526,5
13296,7721,6
11450,8234,4
8025,919,4
1739,7593,4
11699,738,4
12311,2922,4
2292,9738,4
1591,2350,5
2826,7643,4
2814,6399,4
5487,9683,4
1399,8106,4
3907,9683,4
12163,9688,4
12862,1460,5
12908,9688,4
4786,7019,4
14712,14726,4
14756,14787,4
15130,15160,4
3251,3610,4
308,382,6
362,382,5
467,494,4
555,581,4
729,763,5
704,781,5
727,743,5
781,792,5
878,889,4
867,874,4
1073,712,4
1053,701,7
1805,1821,4
1916,1920,4
2110,2131,4
2284,2293,6
226,266,4
218,244,6
505,551,5
604,645,4
611,680,4
724,763,9
709,712,5
772,773,5
705,731,5
809,821,7
859,868,5
903,915,4
1026,1095,5
1063,1066,4
1002,1072,5
1157,1180,4
1125,1145,4
1073,395,4
1031,792,5
1553,1594,5
1966,1997,4
2110,2168,4
2136,2169,4
2230,2265,5
2231,2250,4
2218,2219,4
2225,2272,6
2264,2272,4
2243,2274,6
191,61,6
2531,2567,7
2515,2534,4
2614,2626,4
2803,2877,4
2954,2975,4
2937,2952,4
2934,2937,4
2923,2927,5
1250,431,4
3119,3135,4
3173,3186,4
3106,3115,5
3146,650,6
243,645,4
3112,646,4
3186,659,4
248,3123,6
276,624,5
3475,3490,5
3410,3440,5
3404,3488,4
1066,1503,4
1247,2697,4
3561,3565,4
3502,3537,5
2168,3128,4
3658,3665,4
3876,3886,4
3843,3863,4
3979,3995,5
3949,3968,4
4004,4008,4
4035,4069,4
4022,4046,5
4080,4088,4
221,3151,4
1884,2781,4
2568,443,4
248,2576,9
226,402,6
1637,2541,4
1014,3974,4
2400,64,4
4208,4272,4
4228,4299,4
2105,366,5
2905,910,5
1302,2975,4
2941,961,4
1322,961,4
2573,2655,5
2236,3578,4
2264,3525,5
2290,3575,4
2293,3509,4
2295,3509,5
4451,4474,4
2075,3668,6
3877,391,4
4615,4661,4
4635,4692,4
4672,4680,4
4630,4674,5
2783,407,7
1074,1484,4
2911,3046,4
1818,2969,6
1248,2959,4
1322,2758,4
1367,2758,4
4772,4779,4
4742,4786,5
2026,3699,4
2440,3604,4
1479,4628,4
1666,4059,5
1464,4042,5
4915,4916,4
4972,4988,4
4947,4998,5
2285,4449,4
2570,4478,4
1894,4125,4
5146,5191,4
3512,3651,6
5362,5394,4
5333,5390,4
5328,5361,4
5314,5370,4
1384,946,4
1321,2977,4
2977,3536,4
1398,3679,4
1313,920,4
1343,2223,4
5491,5499,4
5432,5468,4
5409,5432,5
5515,5543,5
5568,5574,4
1048,839,4
4329,993,4
1332,4097,4
2441,2634,4
1371,5494,5
1666,5432,5
5446,915,4
1696,5431,5
4011,5412,6
2036,2482,5
4319,5145,4
2021,2435,4
2401,3695,5
4046,732,5
2550,4209,7
5771,5782,4
5703,5727,5
5716,5734,4
5711,5787,6
5705,5741,4
5720,5731,4
5715,5789,4
1444,5460,5
4630,4947,4
2728,4998,4
1230,606,5
5867,735,4
2617,363,4
2998,5143,4
2909,727,4
5966,5995,4
5944,5994,4
5963,5970,4
5961,5994,4
5947,5956,4
5903,5986,4
2131,5865,4
1963,5865,4
2137,5865,4
6024,6053,7
6013,6073,4
2760,5741,4
5481,6049,6
4674,6001,6
5467,6092,6
1464,6041,5
1828,4044,4
3920,4346,4
3861,3937,5
1692,4656,4
3492,4945,5
1444,1662,4
4346,4632,4
6613,6642,4
6855,6896,5
6870,6896,5
2560,4264,4
4641,4945,4
7421,7436,4
7608,7671,4
5964,959,6
3024,5979,4
324,4481,5
477,6008,5
1182,4072,6
1182,3503,6
2075,4314,4
5048,53,5
5370,5885,4
2556,2645,5
8209,8269,4
2303,3052,4
2700,8307,4
7379,8326,4
7318,7746,4
7331,7741,4
211,3959,4
8542,8577,5
3367,3477,4
3600,562,4
2026,5372,4
3249,6453,5
2064,2571,4
1452,6572,4
1452,6580,4
5489,898,4
227,4273,4
347,7835,4
1532,6080,4
6975,7495,4
5769,6096,4
324,6039,4
5443,6898,5
6075,6869,4
4674,6809,5
3576,6833,4
3544,6008,5
5744,6064,4
4607,5734,4
6017,6866,4
3120,4942,4
6039,6844,4
2993,6817,4
4481,6872,4
6047,6839,4
4969,5964,4
5771,6017,4
4190,431,4
451,8485,5
5514,7634,4
3741,739,4
1182,3278,4
7770,8234,4
3590,8269,4
485,5764,4
8721,8759,4
8792,8798,4
4497,901,4
1677,7645,4
5482,7629,4
5442,7629,5
8958,8960,5
8948,9000,4
8928,8969,4
8935,8983,4
8935,8960,4
8957,8993,4
8904,8957,4
8924,8953,4
2446,3101,4
3124,8042,4
1221,3295,4
3590,5482,8
4497,8216,4
5435,8624,4
3012,551,4
1831,3147,5
4769,5812,5
9067,9097,4
9022,9076,5
9062,9078,4
1632,529,5
9114,9192,4
5564,6486,5
3718,7506,6
1317,3329,4
1428,1700,4
3650,8843,4
6127,9028,4
5594,7645,5
5584,8353,4
6707,95,4
6786,7082,5
4983,5596,4
5819,732,4
1789,5766,4
4700,8093,4
7068,7612,6
3153,3300,4
2911,9077,4
9336,9351,4
9326,9385,5
6834,8965,4
4135,7666,4
572,6205,4
6454,6825,4
9660,9665,5
83,9331,4
8078,9362,4
9993,9995,4
624,9083,4
803,8582,5
10037,10083,8
10001,10045,4
4359,9950,4
1733,481,5
3758,6972,7
3975,4056,4
1338,2488,6
5668,8158,8
4249,8411,7
2886,5482,5
5411,8073,4
1613,7662,6
622,7131,4
2191,9692,5
9715,9997,5
7162,9775,4
1800,8979,4
2354,8729,7
148,8262,6
1434,497,4
6777,9750,4
1343,9750,4
6892,9682,4
6892,7560,4
1715,4451,7
8105,8558,4
2336,4451,6
1342,1800,4
5233,8679,4
6289,7568,4
2773,3608,4
8194,8424,8
3998,8658,4
10104,9704,5
1135,9766,4
4171,8128,4
6054,9498,5
1677,6084,8
6084,8411,5
6441,8411,5
3405,9357,4
7636,8024,5
10402,10418,5
10409,10481,4
10458,10492,5
10443,10477,4
10451,10458,4
10480,10482,4
10452,10476,4
3844,4946,4
7073,9443,5
3807,5356,6
9499,9895,4
7505,7896,4
1917,2973,4
10107,5876,4
3970,5325,4
2201,7373,6
3618,484,5
2841,9700,5
4774,9645,6
2231,3028,5
6560,7560,5
10714,10798,4
10753,10776,4
10764,10766,4
10703,10709,4
1533,6175,5
10806,10832,4
11017,11048,5
11169,11188,4
11169,11183,4
11128,11145,4
11101,11139,4
11129,11173,4
11111,11180,4
11163,11196,4
11103,11169,4
11107,11123,5
11142,11160,4
11145,11188,4
11140,11153,4
11140,11161,4
11109,11130,4
11102,11141,4
11114,11183,4
11157,11160,4
11136,11200,4
10252,9259,4
11271,2097,4
10710,2231,4
10726,191,4
11396,11398,4
11324,11388,4
10368,5283,4
10368,8515,4
10395,1260,5
4170,5081,5
3563,6829,4
1020,10758,5
10661,4293,5
10548,6447,4
6529,9758,4
10009,10104,5
6347,9676,4
1927,6013,5
5030,993,4
11609,11676,4
8399,9751,6
10431,8149,4
1335,9500,6
157,9404,7
10328,11398,5
10592,10746,4
2207,8403,4
4168,9287,4
2002,9287,4
4110,7418,4
10356,9653,4
7319,9969,5
11919,11923,4
1173,4774,4
10740,8736,4
2479,5016,4
1064,863,5
1404,728,4
1138,8424,4
1041,7579,6
557,6548,4
4121,4823,4
2532,4121,4
4217,8912,4
2117,371,4
5016,8424,6
5016,6024,4
4580,5132,6
1149,5292,4
11408,11965,4
12020,12072,6
12012,12077,4
10083,2514,4
6111,7510,4
2458,628,5
1617,2458,5
628,9421,5
5116,7983,5
8519,9977,4
10644,3090,5
3223,7919,4
3243,9068,4
4516,8951,5
4097,6858,4
10022,1860,7
11225,4827,9
1860,9495,4
10089,3963,4
5748,9725,4
9369,9898,4
1133,240,4
3315,3597,5
3924,7834,4
10764,7844,4
10764,8851,5
10203,3322,4
10206,11855,5
11883,8163,4
1240,5277,4
11880,4070,4
10714,2437,4
10785,11817,4
10310,11948,4
10380,793,5
1041,258,5
11698,7919,4
11417,12111,4
10123,9403,4
11280,4737,7
7983,9127,4
5653,9331,4
4827,7902,4
11745,5356,4
2472,921,4
11438,3894,4
4420,7520,4
12317,12361,4
7770,9516,5
6095,9418,4
1418,7724,4
4242,9957,4
11285,2276,4
3587,435,4
1115,3720,4
11021,11207,4
6953,9676,6
1836,3943,4
1282,5966,4
524,5982,4
368,7429,5
11338,2090,4
1032,10767,4
1955,9954,5
11450,11680,4
11243,11649,5
11243,11680,4
11332,12057,4
3298,9114,4
12057,8981,4
3396,4058,4
3247,7376,5
11066,6900,6
11631,863,4
11274,9700,4
23,953,4
10526,6924,4
10665,3855,4
12043,2259,4
12565,4529,4
12298,5120,4
7036,7358,4
3823,6899,4
11896,9294,4
12232,9904,4
12355,7509,4
12771,12797,4
2306,6515,4
1265,2223,4
6883,8959,4
12856,12887,4
10722,7307,4
11198,5010,4
10446,697,4
10016,5690,4
5235,524,4
9247,9980,4
10083,6372,5
10115,6923,5
3409,4816,4
11341,5416,4
2214,5147,4
7813,787,4
3875,6001,5
1142,3875,4
1142,5054,4
8542,9179,4
3874,9742,5
10880,2545,4
10467,2500,4
10554,4701,4
1242,9919,4
10856,4772,4
4760,5416,4
11208,2561,5
12935,6905,4
10739,13206,4
13235,2204,4
12189,5910,5
13869,13899,4
10685,12587,5
1242,4983,4
10046,1770,4
11186,11872,5
11571,11716,4
1008,10384,5
11527,7451,4
10760,7853,4
7327,9777,5
3663,7327,4
12586,4070,5
1064,12553,4
10767,5414,4
10762,12516,4
4234,7321,4
13620,7710,6
13201,7066,4
10908,9445,5
12497,2717,4
9033,9932,4
1308,9285,4
12200,7445,4
13232,1342,5
1143,5681,4
1181,14018,4
4770,9994,5
13261,1591,4
9381,9410,4
1008,8960,4
1008,3175,5
5430,9280,4
5754,7194,4
10067,7194,5
138,9043,5
2112,2994,4
8990,9781,4
712,8446,6
13163,4685,5
13221,8552,4
1688,2099,4
1688,2868,4
5959,8160,4
10067,1419,5
11089,12298,4
3235,7643,4
4118,8215,5
2658,2761,4
311,3759,4
10631,8961,4
11089,2844,4
10274,5325,5
14741,14786,5
14728,14786,4
11416,15158,4
229,264,4
341,354,5
308,315,5
376,378,6
456,500,4
730,759,6
795,797,5
850,899,4
1035,308,5
1026,374,4
1231,1300,4
1366,1375,4
1413,1437,4
385,712,4
1057,709,4
1002,749,4
355,772,4
1602,1674,6
1942,1954,7
1902,1989,4
2135,2165,4
2119,2181,4
2286,2289,4
112,175,4
139,165,6
243,275,4
334,362,8
328,362,6
430,461,4
503,593,4
804,844,5
838,841,4
930,994,6
1109,1163,4
1119,1183,4
1056,364,7
1073,305,4
1053,768,4
1007,781,4
1031,746,4
355,766,4
1875,1892,4
1937,1956,4
1957,1975,4
2124,2165,5
2109,2173,4
2229,2244,5
2405,2441,7
2458,2498,7
2403,2428,4
2414,2415,4
2415,2446,4
2505,2563,4
2939,2959,11
3071,3077,7
3157,3199,4
3302,3303,5
3123,622,4
211,650,5
3120,692,4
3157,611,4
215,624,4
3411,3493,5
1503,314,4
3508,3585,4
3505,3541,4
2131,652,6
2111,652,6
3672,3700,5
3606,3687,4
3622,3646,4
3718,3746,4
3908,3980,4
3940,3955,5
3955,3980,4
3914,3955,5
4046,4072,4
4032,4046,5
4012,4066,9
4010,4072,4
272,3195,4
1479,1808,4
1828,2728,6
4131,4166,4
2546,677,4
456,613,4
1287,3908,4
1506,3978,4
2292,3526,4
2299,3556,4
4226,4277,5
2153,3475,4
1673,211,5
1693,2514,5
4350,4366,4
4359,4379,4
4336,4339,4
1391,2906,4
2992,961,4
2545,3908,4
2223,3537,5
4425,4467,4
4430,4497,4
172,2460,4
2378,2425,4
4502,4525,4
2505,3900,4
1053,2527,5
271,4572,4
4608,4657,4
4655,4673,6
4614,4673,4
2556,2750,5
2783,2867,7
1844,2759,4
2769,2894,4
2789,2857,4
1666,2941,8
1911,3206,4
119,2446,5
173,3700,4
1808,4607,5
1337,4044,5
2759,4395,7
1818,4399,5
4811,4891,4
4915,4950,4
4941,4988,5
1453,2550,4
5232,5243,5
2268,2404,4
2264,2404,4
5331,5372,4
5366,5397,4
5375,5395,5
3547,3639,4
2334,3589,5
5446,5490,4
5436,5484,4
5456,5468,7
5410,5463,5
5451,5496,5
5406,5432,4
4678,5066,5
5548,5593,4
291,844,5
2905,4097,4
4373,5476,4
2717,5464,5
4016,5499,4
4052,5476,4
147,3208,5
3321,774,4
2074,5156,4
2422,3676,4
1771,993,4
1156,4359,4
4297,4522,4
4237,4575,4
5717,5740,4
350,674,4
1789,2610,4
1871,3396,5
2401,2575,4
2792,4998,4
4646,4988,6
3549,3976,4
2162,3302,4
290,3999,4
2635,399,4
1528,374,4
5927,5996,6
1908,2190,4
4076,5133,4
3226,4076,4
3226,5808,4
6012,6089,4
6036,6082,4
5792,5982,4
2294,6063,7
2717,4674,6
2717,6077,6
2251,6084,7
4025,4690,4
5440,6049,6
1521,6080,6
1651,3527,4
5422,6092,4
5450,6092,4
4967,5434,4
2509,3572,4
3991,5434,6
4002,4932,4
6673,6689,4
6739,6749,4
6848,6855,5
6814,6896,5
6810,6876,6
6864,6878,5
147,3991,4
7193,7196,4
7253,7273,4
7266,7268,4
7454,7471,4
1797,7597,4
1167,7549,4
1454,2035,4
2514,7677,5
3801,409,4
4814,878,4
1735,4139,5
1619,5771,5
2412,3573,6
7914,7975,5
8041,8088,4
2905,7172,5
2905,7120,5
2904,4530,4
5692,939,4
1252,2556,4
3919,8365,4
4072,7866,5
2527,6447,4
2527,3209,4
2870,3101,4
1158,7616,4
6600,8246,4
2101,6580,4
2031,3760,4
4536,721,4
5303,7495,4
6993,7435,5
4554,5401,4
350,8027,4
8020,972,4
5494,5771,4
1619,6858,4
1619,6825,4
5964,6866,4
6096,6878,4
6077,6848,4
3576,4481,4
6008,6864,4
5744,6001,4
2773,5964,4
1865,6874,4
4942,6853,4
4942,959,4
5734,6885,4
4481,6829,4
1884,6885,5
22,6906,4
5912,7410,4
5012,5912,4
232,4932,4
1673,7396,5
625,7606,4
5442,7606,5
1646,901,6
8948,8963,4
8931,8983,4
8957,8973,4
8936,8956,6
5775,6516,4
1155,920,4
4213,853,4
7831,8960,4
7831,8936,4
7831,8956,4
4156,8045,5
8289,901,5
6030,7801,4
2032,239,5
1106,352,4
511,7676,4
5700,8283,4
9006,9044,4
1345,4663,4
4384,8213,4
1042,3743,4
8106,942,5
2392,860,4
1317,8604,4
8577,8837,4
6591,8702,4
4336,6003,4
5482,6745,4
5509,7820,5
4497,5579,4
3418,6745,4
6750,7039,7
441,5566,5
6084,9098,6
5989,8461,4
5668,6876,4
6100,8485,4
3466,5543,4
9374,9384,4
3101,5867,4
3346,4379,4
9513,9581,5
4034,8983,7
9664,9693,5
9648,9664,6
9659,9684,4
9640,9648,6
9725,9763,4
79,9307,4
2254,8552,4
9920,9987,6
9903,9949,5
7859,8835,7
5942,7001,4
701,7636,4
1343,5742,5
3205,8986,4
4627,7872,5
1677,5490,5
3503,5668,4
441,6418,4
8299,9376,6
3443,9309,4
3021,9380,4
5683,9624,4
4553,9611,4
3626,9676,4
388,9601,5
1089,9628,5
4270,9634,4
6507,9969,4
2030,5137,4
2354,6560,8
2090,6560,6
182,8793,5
10004,8078,5
4496,783,5
2773,7600,5
2773,6289,4
10352,10357,4
10160,6706,4
1223,6694,5
7450,8113,4
3012,9443,6
3627,7162,4
211,6447,5
8045,9769,5
10320,6084,5
10371,8363,4
10412,10416,4
10414,10461,4
10439,10470,5
10466,10471,5
2441,5303,4
8846,9850,4
3153,6805,6
6805,8363,5
3356,8048,6
7768,9834,5
2625,7837,5
3837,4170,6
315,8803,4
3064,4451,7
3028,382,5
2012,3618,5
484,9699,5
10731,10767,4
10718,10770,4
10706,10714,4
10713,10771,4
10727,10766,4
10720,10778,4
1675,4611,4
4852,7163,4
11104,11107,4
11124,11138,4
11101,11189,4
11101,11173,4
11101,11129,4
11196,11199,4
11163,11199,4
11135,11173,4
11122,11136,4
11139,11164,4
11151,11157,4
11216,11221,4
10463,10945,4
11275,9063,9
11275,1246,7
1678,4591,4
4650,9752,4
10737,9645,4
10795,1715,4
1266,9405,5
258,7747,5
3090,6113,7
1070,11158,4
1177,8024,4
10267,9777,4
556,5669,6
10871,5538,4
11275,8475,4
10975,8165,5
11649,11680,5
11701,11779,4
5587,9970,4
10320,3214,5
375,636,5
11073,7064,4
1266,9259,4
11803,11876,6
11832,11865,4
11450,9620,5
10306,11003,4
10615,11842,4
11855,5616,5
10356,10954,4
6133,7375,4
10350,1254,4
582,6165,4
237,2479,4
2479,4337,4
4823,6053,7
4823,8194,4
210,7679,4
241,728,5
10058,4336,4
10058,2479,4
4728,863,4
4269,4318,4
3214,6084,4
4308,4814,4
11972,9383,6
2138,4010,4
10460,6317,6
2458,5943,5
6114,7191,5
5116,6114,5
8363,8519,5
855,9386,5
6180,8519,9
8951,9867,5
11276,4945,5
11868,8121,4
2859,6184,5
10784,11147,5
4827,9493,7
5055,8579,4
11923,9752,4
2851,9513,4
10690,5575,5
11898,6464,4
2000,4070,4
1056,10714,4
3361,8574,4
10702,3361,5
11803,5096,4
382,8406,4
10310,4945,4
11194,839,4
11636,5587,4
760,8784,6
2949,8901,5
1378,4781,6
4408,6827,4
7881,7983,4
10022,4816,8
2811,3894,4
11438,11723,4
1352,6458,5
4626,9511,4
3296,5270,4
559,7481,5
12473,12483,5
10083,6080,5
6080,6548,5
1974,8190,5
5911,7834,4
1966,5438,5
10596,10731,6
3569,8994,4
2702,524,4
1021,9281,4
1129,3065,4
5411,9512,4
79,9798,4
11315,12100,5
12057,3298,6
11267,7007,4
1872,8301,4
3247,4058,4
6978,8830,5
11910,5603,5
12069,9623,4
11324,12130,5
10432,11727,4
12130,7862,4
10989,4854,8
12521,12567,4
12541,12572,4
2926,7975,4
5748,9025,4
3356,5219,4
11308,3067,4
1812,6372,4
3820,5163,4
611,8901,4
4770,6857,6
10130,4903,4
1115,8365,4
3486,5073,4
12746,12771,6
6519,8101,6
2441,9523,4
1099,2251,4
1449,9620,5
6434,8491,4
2518,8529,4
10394,12020,4
10016,3491,4
1762,7799,6
4659,6508,4
2795,6508,5
2904,3226,4
11552,1726,4
11513,6027,4
10308,9242,4
1113,12648,4
13218,13270,4
356,4166,5
13121,8206,4
13612,13663,4
3847,5470,4
3874,4940,6
4940,8642,5
1689,6146,4
481,6251,5
12159,7725,4
5529,9800,5
1112,6364,4
13848,13857,4
13848,13878,4
13863,13886,4
11450,13788,4
6538,9438,4
1829,5240,4
10798,1772,4
13657,5836,4
3632,9369,5
10908,311,6
13628,5345,4
12531,5345,5
13903,2160,4
11326,210,4
210,6743,5
10858,1772,5
13203,3380,4
2829,3953,4
14056,14075,5
14039,14044,6
13753,3065,6
12587,9035,5
11326,11847,4
11326,1950,4
5843,7799,4
1342,1779,5
11213,4969,5
7710,9856,4
3680,8881,4
8383,9540,4
13218,5111,5
11211,6293,5
13564,2548,6
13556,5111,4
1482,9031,4
13215,9280,4
3364,9252,4
12032,603,4
12401,1641,4
1181,974,4
12231,4118,4
2069,2548,4
13221,138,5
1769,2069,4
3897,7721,4
5101,712,5
4685,6733,6
7194,8446,4
49,7530,4
12311,2099,4
5693,938,5
2807,6085,5
13160,3962,4
10289,8551,4
12301,9157,4
1460,6027,4
6056,8751,4
14741,14793,4
14741,14747,4
14779,14782,4
14728,14776,4
14768,14781,4
14761,14763,4
14750,14752,4
3054,6633,4
11290,15126,4
15153,1740,4
15153,9445,4
11282,8359,4
1460,6805,4
3610,8088,4
309,330,5
341,392,5
330,368,5
374,397,4
529,572,5
704,750,5
762,773,5
786,793,5
819,895,4
812,899,6
1001,1029,6
1026,362,4
378,740,4
374,797,4
395,706,4
308,731,6
324,768,4
2135,2168,4
2105,2175,5
2165,2189,4
2114,2182,4
2776,2783,9
368,385,5
305,354,5
726,786,5
712,766,5
711,753,5
734,764,5
719,721,8
755,768,6
847,891,4
807,877,4
912,972,5
1043,1072,5
1023,1044,5
1056,374,7
1051,368,4
1314,1370,5
1428,1430,5
1451,1452,4
1073,795,4
1538,1598,6
2001,2062,4
2150,2180,4
2126,2130,4
2107,2136,4
2229,2248,6
2332,2379,4
2425,2429,4
2446,2470,4
3343,3385,5
3340,3399,4
232,695,4
3123,650,7
3463,3479,4
3405,3421,5
3461,3471,5
3441,3468,4
2674,333,4
3508,3588,6
2160,3176,4
3648,3690,4
3614,3623,4
3629,3636,5
3477,746,4
3872,3880,4
3916,3941,4
289,3195,5
2199,3151,5
2197,221,4
3174,602,5
1481,1891,4
2586,624,5
402,670,6
255,443,4
1272,1608,6
167,3024,5
2391,2822,4
4222,4248,4
1056,3172,4
3195,740,4
1023,3193,4
4322,4330,4
4346,4371,5
1563,2946,4
2969,994,4
1370,994,5
1503,2573,4
2430,3657,4
2500,3694,6
4025,4364,6
4035,4332,5
4607,4695,4
4668,4673,4
1248,1484,4
1248,1844,4
1248,1696,4
2780,3041,4
1034,2869,6
1817,184,9
2869,660,4
1444,913,4
3106,528,4
1703,584,5
3285,3321,4
4717,4765,5
2969,4053,7
4864,4893,4
4814,4845,5
1520,628,4
1428,4490,5
1917,239,4
2001,3570,4
2325,3510,4
2924,941,4
1384,3563,4
126,2221,4
3547,755,4
1365,3015,4
1730,3115,4
5436,5448,7
5456,5467,4
5412,5432,6
5412,5420,4
5423,5498,7
5459,5476,6
5466,5486,4
5406,5423,4
5409,5464,4
1431,4626,4
3209,5120,4
5579,5594,4
4329,905,6
2905,4344,7
5615,5668,4
5420,915,4
4309,5446,4
4309,5420,4
2867,5481,5
4339,5499,6
4339,5414,10
4059,5402,4
2969,5498,5
3266,774,4
2422,5694,4
4441,5100,7
4522,5048,4
5755,5769,4
2537,937,4
4534,4856,4
4671,4933,5
4656,4916,4
3950,4421,5
2203,274,4
1572,1692,5
1513,649,4
1537,3587,4
3493,3947,4
1077,649,5
366,402,4
5909,5951,4
5944,5996,4
5923,5954,5
5970,5992,4
5948,5963,5
5917,5978,5
5952,5990,5
1963,3148,6
6016,6017,7
6061,6084,7
6004,6027,8
6022,6079,4
6148,6158,4
3251,356,4
5741,5912,4
2717,3576,6
2728,6045,4
2560,6027,6
3404,3940,4
391,6092,5
3527,5467,6
1444,391,6
6522,6558,4
6717,6748,4
6720,6723,5
6814,6864,5
6853,6885,5
6833,6884,5
6854,6855,6
4295,4914,4
5356,5434,4
2775,4212,5
5367,6092,4
4300,5025,4
3998,5053,4
6912,6986,4
3266,6613,4
3266,6673,4
7240,7285,4
7407,7450,4
7430,7433,4
2760,5997,4
5560,6718,5
2669,6121,4
3801,3967,4
1012,6121,6
1612,6177,4
7761,7797,5
7814,7837,5
7853,7884,4
374,7329,4
4827,7381,5
3148,5048,4
8025,8097,4
5707,700,4
8136,8195,4
8208,8221,4
3681,4626,4
446,5757,6
7719,8368,4
2453,7149,4
2075,6720,4
1382,7820,4
2174,7809,5
1244,4983,6
247,4983,4
1265,1700,4
1691,3896,4
1960,7613,4
1028,7550,5
3744,3962,4
3436,802,4
7733,7882,4
1436,6937,5
5775,6930,4
1444,6050,7
6410,8088,4
5964,6017,4
5977,6049,4
477,6071,4
5440,5771,4
5500,5761,4
6096,6898,4
3544,438,4
3544,5724,4
6008,6884,4
6017,6836,4
5954,6897,4
2993,6830,4
5788,6878,4
5788,6889,5
2773,6878,9
2773,950,5
1797,202,4
7327,7735,4
7761,8390,4
5997,7407,4
2569,281,5
1015,5716,4
3169,3292,4
2906,5411,6
1432,4421,4
8948,8993,4
8920,8956,6
8904,8995,7
3078,3405,5
4126,711,4
1169,233,4
1646,6813,5
814,8454,4
1368,814,4
2032,3637,4
1246,4769,5
4283,574,5
1730,7676,5
6558,8288,5
9009,9014,4
9022,9052,4
9022,9030,5
7822,8280,4
6093,8202,5
1357,8348,5
3440,7418,5
1143,6968,4
3975,467,5
2079,2975,5
6524,8710,5
6555,8759,4
663,7039,4
2776,6745,6
1635,6703,4
6548,9059,4
6558,9027,4
5989,732,5
5668,6100,6
1789,6876,4
1544,7612,4
2982,4121,5
4877,8979,4
9363,9368,4
9353,9363,4
9327,9366,4
9326,9353,4
9612,9687,4
9630,9676,4
9642,9649,5
9622,9683,4
9746,9776,4
9728,9793,5
9848,9859,4
9859,9868,4
9808,9859,4
869,9263,4
6380,9222,5
3801,7661,4
1525,649,4
3025,6584,5
4584,6987,5
1338,419,5
4076,9672,4
5683,9679,4
4553,7131,4
2719,9742,6
7162,9728,4
5332,9969,4
2354,2841,6
5742,9715,4
1526,4496,6
2699,3242,4
1338,8237,5
5330,9645,6
1715,9699,6
2773,3998,4
8137,8658,5
10128,167,6
10328,10331,7
10356,10373,5
7948,9742,5
8024,9995,4
10371,4249,5
10371,7298,4
10349,7298,4
10377,8363,6
10428,10449,6
10438,10454,4
10423,10484,4
6480,9618,4
4841,6263,4
5249,5799,4
1831,7986,4
9493,9898,5
10572,10576,4
10358,6067,4
5546,8158,6
7139,9991,4
8048,9101,4
3741,92,5
1173,9481,5
3990,528,4
2033,718,5
4552,7768,4
4249,7243,5
2544,8137,4
10110,9212,5
10128,8803,6
5538,8887,4
167,9223,4
5330,6560,5
1637,9066,5
2231,2345,6
7560,8260,5
10756,10760,4
10716,10753,4
10714,10728,4
10706,10798,4
10766,10799,4
10713,10742,4
10726,10776,4
10770,10771,4
10744,10788,5
10705,10796,4
5569,9661,4
10944,10991,4
11037,11079,4
11106,11189,4
11129,11183,4
11111,11148,4
11148,11194,6
11142,11151,4
11115,11138,4
11135,11199,4
11135,11161,4
11121,11191,4
11151,11187,4
11109,11180,4
2068,633,5
6777,9063,4
11275,4496,4
10731,9700,4
10771,2336,5
10772,3002,4
10937,11011,4
11027,7026,4
10409,1548,4
10253,4293,5
10253,10535,5
4404,633,4
10668,7810,4
2068,4404,5
10644,6180,4
10697,3112,4
1052,1158,8
5941,75,4
5669,6783,6
1966,4453,4
8475,9828,5
4496,8101,4
5055,5459,4
7801,8411,5
1024,942,6
1191,4554,4
10320,6350,4
11833,11855,5
11855,11871,5
10516,7565,4
11175,11469,5
2164,5792,4
10899,3880,5
3343,6815,4
141,5093,4
10356,4110,4
5732,921,4
2392,9296,4
6689,7418,7
5882,7327,4
6164,8426,4
5093,582,5
4823,8424,4
1138,7098,4
1670,728,4
1670,2174,4
10016,4336,4
4364,7076,5
1041,863,6
5530,7706,4
10058,5016,5
6522,9659,6
2108,5016,4
2108,8194,5
614,6548,4
5209,5530,5
4318,7679,4
4217,4689,4
3309,5560,4
10610,11111,4
11408,11939,4
11007,4364,7
11201,2514,4
335,6114,4
1528,335,5
1413,7919,5
4632,9068,4
4853,6787,4
10022,1079,5
637,9493,4
10328,9955,4
12103,12196,4
10613,288,5
8579,9828,5
6013,8579,4
5002,8024,6
10465,1782,4
10778,2437,4
11803,7844,4
1007,10318,4
4810,8901,4
11711,8260,4
5594,9524,4
4137,9653,5
1449,5231,4
2054,7950,4
10015,6114,4
9331,9421,4
1747,5116,5
4827,9421,5
12350,12361,4
10104,8078,4
11285,4462,4
12446,12495,4
12408,12486,5
6987,9177,4
4249,9386,4
3657,9287,4
5997,603,4
10516,9752,4
2068,8521,4
10212,12340,5
1041,6171,4
7393,9557,5
781,8541,4
2715,4993,4
1178,6071,4
1096,8830,5
1021,11171,5
10261,10432,4
8350,9404,4
11215,4054,4
10569,7832,4
11267,763,4
12203,2766,4
7187,8674,4
3367,5295,4
10432,12005,4
12559,12590,5
12516,12594,8
12535,12557,4
12233,7427,4
10548,1338,4
10455,9721,4
12043,3067,4
11123,3413,4
11962,2258,4
5571,9746,4
5253,8674,4
12050,517,4
12704,12764,5
12716,12782,4
10667,4791,5
10795,9402,4
3542,7850,4
12886,12890,4
1351,7870,4
3875,9653,6
2279,798,4
4871,996,5
11870,9182,4
10802,2251,5
4335,5332,5
11214,7800,4
13119,13156,4
2254,7123,4
12301,2545,6
1281,4957,4
13266,13295,4
10403,12273,4
2043,2504,4
3658,4362,4
4478,5711,4
8529,996,4
3513,4871,4
1769,874,4
3271,7658,4
13644,13668,6
5483,9443,4
3012,6719,4
4670,6321,4
4566,905,5
8590,9442,4
1074,11360,4
10184,3883,4
3768,9420,4
2214,3575,4
7151,9633,4
3779,6122,4
2462,3957,4
3601,9300,4
13124,8058,4
4502,6019,4
13839,13861,5
13830,13876,4
586,9234,4
10601,8995,4
1033,11527,4
10760,6138,4
10798,6138,4
13668,3977,4
11846,7338,4
5990,6633,4
13365,13607,4
11047,13385,4
13594,7902,4
12080,9653,4
1451,9856,4
2251,9217,4
3367,8621,5
14044,14074,4
14023,14044,6
14014,14092,4
2975,3925,5
13235,4972,4
2251,7917,4
12979,13878,4
14008,860,5
11513,1181,5
1769,9974,5
10808,11834,4
13781,5430,5
12032,9636,4
10541,1641,4
7420,8076,4
2090,3690,4
3791,800,4
13221,5101,5
1769,2106,4
12323,2994,4
4685,5754,4
3610,7635,5
11587,7114,4
1597,3107,4
11572,712,4
10938,9994,5
11993,3586,4
2922,9992,4
12146,2922,6
3610,9300,4
6085,9101,5
4822,7609,4
4409,8238,4
14626,14636,4
14715,14777,4
14754,14756,4
14727,14782,4
15049,15061,4
15146,15193,4
15158,8961,4
15122,4090,4
11353,15158,4
12862,9944,4
205,226,5
320,367,7
505,590,4
658,681,4
638,682,5
729,762,5
738,798,6
752,778,5
740,743,5
1042,1063,5
1327,1381,4
1307,1355,4
308,795,4
1947,1991,4
1984,1992,4
2185,2187,4
2149,2157,4
2568,2586,5
2822,2830,4
247,295,5
337,352,4
503,561,4
650,659,4
622,645,4
762,797,7
716,731,5
716,733,8
748,756,4
705,712,5
833,845,4
802,821,4
1023,1073,5
1052,375,5
1053,382,4
1323,1391,6
328,709,4
1053,733,6
1625,1652,4
1966,1996,5
2001,2038,4
2109,2181,5
2109,2182,4
2107,2114,4
2233,2285,5
2235,2261,5
2411,2480,4
2404,2425,4
2415,2426,4
2533,2599,5
2773,2792,5
3161,3177,5
3106,3147,5
3351,3393,4
3367,3399,6
3309,3332,8
293,611,4
3157,610,4
3415,3493,5
3471,3479,4
1589,2697,4
1506,2696,5
1506,2655,4
1287,2667,4
3561,3600,5
3504,3561,4
3603,3645,4
3612,3653,6
3675,3678,6
3414,746,5
3739,3748,5
3822,3837,4
3829,3894,5
3921,3959,4
3906,3933,4
3914,3916,5
2152,281,4
2152,3182,4
1865,2781,4
2573,490,4
2600,610,4
255,490,4
2561,264,4
1062,405,5
1221,2656,5
2243,3556,4
199,3093,4
4222,4281,4
4276,4279,4
4226,4227,4
1053,603,4
4364,4371,4
4305,4387,4
1323,975,4
1269,2573,4
3791,801,4
4466,4469,4
4425,4496,4
4467,4496,9
2315,3698,4
130,3678,5
2325,3620,4
4092,4398,5
4083,4309,6
4012,4388,6
1507,3117,4
3849,4590,4
4608,4680,4
4618,4675,4
4646,4668,5
1332,1837,6
1837,979,4
1424,1728,4
3367,4089,4
4747,4769,4
139,3604,4
4309,928,5
4011,915,5
407,4373,5
4825,4839,4
4852,4867,5
4813,4869,4
2567,3593,5
5060,5095,4
5001,5019,6
5019,5022,5
5325,5344,5
3589,3679,4
1358,3547,4
2222,3678,4
2437,2928,4
2255,2901,4
2935,3589,7
5154,804,4
5451,5500,4
5451,5471,5
5406,5464,4
5409,5476,6
5409,5499,4
2848,5367,5
1447,5358,4
2729,4647,4
4621,5006,4
5613,5636,5
2717,5498,5
4013,5446,4
4053,5500,5
3343,3690,6
4169,744,4
2769,4169,4
1163,4331,4
5703,5797,5
5711,5779,4
5726,5775,4
5737,5799,4
5727,5797,6
5806,5811,4
1867,4995,4
4611,4998,4
2693,4946,5
3970,4461,4
1545,2068,4
2909,5143,4
5941,5957,6
5922,5952,6
5946,5963,4
2131,4391,4
6018,6022,4
6007,6073,4
6111,6163,5
1075,4563,4
243,3672,4
1246,3677,8
1608,5946,4
4431,5423,4
4942,6063,6
4990,6017,6
2294,6064,8
6412,6486,6
6456,6471,5
3404,5434,4
3404,3527,4
3940,5420,4
3940,6027,4
2596,4523,4
6726,6739,4
6844,6897,5
6831,6886,5
6824,6839,5
3963,4178,4
4430,5055,4
1444,4285,4
3184,4300,4
1572,2403,4
1476,4258,4
6912,6932,4
7010,7087,4
7222,7235,4
7302,7394,4
7407,7410,4
7418,7457,4
7437,7477,4
4171,7001,6
4435,7613,4
5711,5910,6
3102,3642,6
172,4260,4
5732,5983,4
7733,7790,6
7712,7755,5
7725,7769,4
7772,7799,4
4481,5720,5
5966,997,5
1569,5777,4
7832,7866,6
3226,5048,4
3967,5946,6
2760,675,4
8116,8180,4
8214,8252,4
1202,3307,4
8303,8321,4
7346,8365,4
2905,683,4
7508,7713,5
8518,8563,5
8519,8596,6
1296,3851,6
2578,4660,4
1641,420,4
1769,2747,4
1955,439,4
4744,548,4
1423,6515,4
3486,3758,5
3472,6951,5
5074,6983,4
1817,6893,4
5964,6872,4
4373,6896,4
5724,6854,4
2734,6825,4
6064,950,4
4607,6848,5
5954,6817,4
5788,6824,4
4481,6049,4
5771,6016,4
2759,6833,4
5596,8402,5
2550,5546,6
2303,8320,4
1337,5746,7
4025,6851,4
1078,6879,4
1240,7451,7
2620,4916,4
5059,6906,4
398,898,4
3330,7605,7
7618,8190,8
2906,4497,4
2326,3898,4
8931,8984,4
3527,4126,4
5789,7602,5
1230,4798,4
7605,8209,6
4550,8297,4
3330,3503,6
2177,8471,4
7883,8240,4
1106,4981,5
5232,546,4
4283,5644,5
1831,4726,5
2964,8254,4
9019,9100,4
1158,393,4
6093,7822,4
1581,2628,4
1386,1539,6
1143,864,4
6030,8557,6
5579,7039,4
1940,2857,4
4249,8353,4
6590,9092,5
5695,9096,4
6294,732,5
3477,5590,5
1244,6876,5
1244,5668,4
5911,8093,5
1789,6418,4
6231,8105,4
3743,4200,4
7810,9069,11
9366,9384,4
9391,9392,4
3154,485,4
6089,6441,4
3180,4171,5
2124,4398,5
9676,9693,4
9650,9656,4
9613,9650,4
9630,9659,4
9642,9693,6
9622,9664,5
212,3589,4
8585,8871,5
9919,9928,4
9969,9989,4
9912,9963,4
1733,2811,4
8512,8839,4
8796,9083,5
2379,624,4
6668,7242,4
5490,7662,4
5423,5668,7
5652,9648,4
187,6776,5
4933,5572,4
5572,9610,4
3119,9303,4
2856,3754,5
3172,9791,5
1849,2231,7
1715,6668,4
1063,4454,4
1045,9517,4
4092,8576,4
6453,8614,4
6453,7600,4
3608,7600,4
6878,8171,5
6878,8685,6
7403,7696,5
3483,8552,5
8803,9810,6
6051,9865,4
4850,8269,4
5081,9598,4
5867,9937,5
10373,1677,4
10402,10415,4
10437,10497,4
10451,10492,4
10424,10433,5
8014,9810,6
2072,640,4
1403,5328,6
4634,5005,4
398,4249,4
10533,10591,4
10541,10572,4
821,9721,5
2068,5447,4
8461,8976,4
10325,3278,5
1613,8976,4
1917,4441,4
10107,7243,5
3741,8775,4
2530,9049,4
6304,8509,4
8420,9451,5
3339,5207,4
2926,7243,4
2534,8137,4
5396,7600,4
8137,8546,4
5538,7153,4
2354,4034,5
1637,1822,5
1637,392,8
10702,10705,4
10718,10741,4
10713,10785,4
10762,10796,4
10705,10776,4
10778,10785,8
11045,11070,5
5956,7163,5
11165,11191,4
11124,11187,4
11130,11143,4
11130,11165,4
11161,11165,4
11129,11136,4
11127,11131,4
11188,11200,4
11148,11153,4
11164,11187,4
11135,11163,4
11121,11165,4
11109,11136,4
11102,11130,4
11153,11175,4
11156,11174,4
7656,8964,4
5459,9997,4
4359,4496,4
10780,4202,5
10778,382,7
3794,7136,4
4080,8961,4
219,3912,4
9118,9495,6
10359,5628,4
3021,3837,5
6030,8882,4
10449,5796,5
10536,1321,4
10616,6180,4
1927,9752,6
3245,4496,4
1343,3677,5
10873,4541,4
11095,8961,4
1024,7801,4
5574,7062,4
10457,375,5
5418,707,4
10179,6136,5
10819,3880,5
10350,10806,5
515,8235,4
4625,7448,4
3322,7837,6
1562,6541,4
4707,7671,4
8163,9280,4
5616,5991,4
7094,9812,4
11954,11972,4
3275,4728,4
3275,736,4
10083,1283,4
10016,4584,4
5696,7809,4
1762,4728,4
1762,3275,4
210,6548,4
557,6053,5
3432,4364,5
2503,7579,4
1378,3851,4
4188,9659,4
2532,4010,4
4217,736,6
10497,8867,4
1149,664,4
11972,4235,5
11957,4494,5
12005,12069,4
6286,8653,4
258,4293,4
4632,6827,5
1490,8519,4
1490,2544,4
6113,8017,5
5056,8519,5
2065,3880,5
3648,4649,4
1540,4694,4
6777,8851,5
11332,9735,4
2702,8659,5
2054,3963,4
1747,4827,7
10328,9331,5
5215,8980,4
9063,942,4
1678,8040,4
11957,3677,5
11466,6541,4
1056,10764,4
10716,3322,4
11883,5096,6
11874,5021,4
11803,8406,4
7844,9951,4
10310,11898,6
10365,8901,5
4137,9714,6
7983,9369,5
10095,628,4
11057,2323,4
7236,9225,4
10516,4845,4
10516,3873,5
12408,12439,4
8562,9659,4
10243,4170,4
6032,873,5
2408,9833,4
8375,9752,4
6978,7654,4
10731,5287,4
4853,8784,4
11593,8132,5
10691,5374,4
11276,130,4
9324,9992,4
10116,11767,4
5925,8704,4
5925,7007,4
763,8981,5
11729,12047,4
1872,4058,4
11322,6900,4
8674,8818,4
10432,11600,4
11535,4227,5
12508,12594,4
12514,12535,5
10862,2185,4
11716,12169,4
1084,6972,4
12514,1386,4
7721,9974,6
1649,8317,4
3513,3823,4
10104,1096,4
2171,6865,4
11686,773,4
11957,6261,4
1029,9954,4
12746,12774,4
2306,4791,4
12834,12895,4
12935,12968,4
2767,407,4
10478,2969,5
12862,1988,4
565,6987,4
12482,6860,4
3889,5958,5
11867,7834,4
11613,12916,4
3957,7387,4
10117,375,4
13111,13156,4
12301,3528,4
7902,9321,6
4089,7540,5
3586,5760,4
13424,13445,4
11352,1446,4
2149,5920,4
11073,6987,4
1591,5212,7
8224,9823,4
13667,13696,4
6072,8317,4
12987,4154,4
11509,481,4
11353,9256,4
7593,8196,7
13215,3560,4
13215,4502,5
11290,4503,4
3512,582,4
1363,3105,4
11559,13636,5
13640,6843,4
13731,13788,5
12968,4939,5
3403,3632,5
10458,5661,4
11123,1715,4
10329,7853,4
2861,7008,4
1064,10767,4
1064,3615,4
3041,3597,4
13668,4021,4
3773,4016,5
3773,6626,5
12248,12669,4
13613,6382,4
11613,5802,4
13638,9321,4
10627,311,4
637,9932,4
1099,637,4
13668,6809,4
4796,9649,4
3976,5043,4
13731,6731,5
11847,6414,4
5405,8258,4
12840,12906,4
13249,5212,6
13296,4770,5
13296,13510,4
11211,8057,5
2588,6293,5
1947,7877,4
11300,3420,4
14092,6981,4
1826,9480,4
3145,7503,4
11572,13571,5
8178,904,4
13221,2639,5
13565,7643,4
7643,8116,4
1850,3759,4
1740,1850,4
1740,8961,5
12144,1460,5
14059,1992,4
12301,14070,4
14702,14782,4
14763,14776,4
138,2902,4
263,286,5
364,381,7
366,375,4
405,456,5
450,468,4
522,550,4
673,690,4
650,658,4
729,731,5
706,761,6
706,768,7
705,799,6
749,751,7
816,866,11
804,822,4
809,885,4
1013,1044,5
1069,1093,4
1002,305,4
1025,366,4
1288,391,4
364,761,4
308,786,4
334,761,4
2183,2186,6
2145,2148,4
2275,2292,4
2459,2485,4
2460,2484,5
2432,2434,4
2554,2567,6
212,272,4
311,344,7
739,771,8
750,773,9
812,895,4
863,888,6
853,883,4
837,845,4
1004,1096,4
1043,341,4
1057,308,4
1273,1299,4
1308,1376,5
1443,1456,4
1029,766,4
1024,1236,6
1848,1868,4
1905,1975,6
1928,1976,4
1933,1938,7
1923,1969,4
2140,2188,4
2135,2158,4
2106,2123,5
2127,2138,5
2116,2163,4
2169,2170,5
2233,2277,4
2246,2285,5
2402,2440,4
2477,2491,5
2410,2460,4
2415,2472,4
172,28,4
101,50,4
2545,2573,5
2511,2594,4
2914,2934,4
2908,2938,4
3005,3076,4
3123,670,4
226,3123,4
3411,3413,4
1230,2613,4
1561,2699,4
3518,3579,6
3544,3576,10
2130,3108,4
3634,3637,5
3847,3867,5
3849,3887,4
3911,3932,4
4018,4050,4
4013,4083,7
4011,4088,4
4007,4069,5
281,3114,4
1186,585,6
468,605,4
1677,264,4
2400,3087,4
4230,4294,4
4201,4229,5
3198,3471,4
4353,4371,5
4339,4388,7
1332,2912,6
2972,910,5
2972,979,5
1311,2937,4
1014,1673,5
1561,2545,5
4415,4467,4
4405,4418,4
2334,3648,5
2406,3661,5
2437,3671,4
4031,4351,4
4542,4593,5
4506,4556,4
4534,4536,6
4069,4346,8
4672,4686,4
4610,4693,5
4612,4636,4
4614,4695,4
1444,2759,4
1432,2857,8
1703,525,5
2170,770,5
1905,3161,4
1999,3317,4
4742,4765,4
2004,3609,4
2004,3612,5
1884,4614,5
1484,4309,5
4917,4988,4
5212,5220,4
5307,5336,5
2293,3671,4
2263,2335,4
1384,3698,4
3654,972,4
2427,2932,5
1343,2279,4
4632,4914,6
2176,4197,4
1365,2869,4
5446,5458,4
5464,5498,7
5416,5476,4
5443,5481,11
5423,5479,4
5431,5443,4
5404,5451,4
1241,1598,4
1666,5439,5
1484,5491,5
1376,1734,4
5775,5792,8
5732,5765,4
5757,5765,5
5705,5800,4
1828,4998,4
3587,624,5
344,3943,5
5905,5992,4
5902,5932,4
6006,6018,4
6010,6097,4
6314,6350,4
1611,5765,4
5797,5982,4
1106,5278,4
2294,6096,6
2545,6066,4
4903,6092,6
1643,5467,4
2560,4656,5
1046,1548,4
1651,4903,5
4609,5455,4
3572,5467,4
4069,4523,4
6531,6572,6
18,431,6
2088,3016,4
6866,6870,5
6809,6878,5
1819,4551,4
1108,4285,4
7002,7008,5
7028,7088,5
7430,7436,4
2725,5959,5
1393,780,4
1167,7509,4
1451,798,4
7601,7662,5
167,5779,5
1677,3735,7
1327,5955,5
7719,7798,5
1619,5744,5
2260,4248,4
3568,4245,4
2549,4810,4
1280,4830,4
1282,3943,4
1034,4814,4
8121,8181,4
8114,8197,4
8255,8283,4
8270,8290,4
5456,613,5
2886,6020,7
8333,8336,4
2303,3284,5
8469,8493,4
1389,7829,4
2926,7866,7
232,5304,4
2601,4752,4
3293,7180,4
3796,809,4
7774,7818,4
1467,7581,4
3385,716,4
6956,7406,5
5993,6814,4
6016,6854,4
6016,6866,4
1817,5481,4
438,6047,4
438,4674,4
5977,6885,4
477,5481,6
2717,6844,4
6077,6854,4
3120,6824,4
184,5494,4
2294,5771,4
6039,950,4
2993,6071,4
5734,6809,4
4969,6893,4
1884,6869,4
5186,740,4
1767,6774,4
2383,7843,4
3267,7851,4
1182,1208,4
8297,975,5
7866,8297,4
2699,7624,4
3169,7618,5
2326,5411,4
8935,8936,4
8965,8993,5
1504,7597,5
2857,7082,5
3292,8297,4
1209,4541,4
7949,8661,4
6382,8471,5
4398,8604,4
2702,3615,5
1917,352,5
4338,8251,7
2519,6522,5
5620,6338,4
9006,9042,5
9031,9076,4
1967,4108,4
2723,3180,4
534,5984,4
3246,769,4
8213,877,4
1467,2162,4
2660,8010,4
4728,7809,6
3734,8843,4
5505,7082,5
3418,5579,5
3735,6750,4
1368,4268,4
451,6052,4
3477,5819,4
1569,5668,4
5989,8089,4
4983,6773,4
1789,4983,4
3153,9030,5
9318,9352,4
9304,9337,4
9373,9384,4
8202,8593,4
9441,9476,4
9517,9581,5
5491,874,6
9634,9679,6
7342,9213,4
8545,9266,4
1673,8563,4
1673,9243,4
3078,7321,4
9947,9973,5
7246,979,4
7508,8545,4
3772,3801,4
1386,288,4
2155,4031,4
3090,8742,4
863,8912,5
419,5198,5
4468,4983,4
5094,9930,5
8084,9318,4
4076,9649,4
4933,9693,5
622,9628,5
3844,9611,4
1800,7242,4
6622,9066,5
6857,8733,4
2379,9987,4
1177,4444,6
3028,8793,4
2719,8350,4
344,8804,4
7560,9066,7
3448,7718,4
2231,4820,8
2150,4541,4
3970,8427,7
5314,6896,4
10353,10394,5
1190,848,4
1190,53,4
16,4147,4
3627,7153,4
3077,9995,5
10334,281,5
10389,8411,4
10384,281,5
10352,1677,4
10397,6441,5
10407,10431,5
10441,10460,4
10437,10458,5
10425,10440,4
7696,9430,4
10313,2926,8
1389,6707,5
4249,7768,4
10512,10599,4
3153,7643,5
5546,9874,5
10604,10644,4
10668,10690,5
2586,9356,4
8006,9522,6
10322,9466,4
10397,4552,4
10541,9777,5
4613,5760,4
1352,7600,4
2354,5522,7
2090,4820,5
3187,7560,5
2024,5330,5
1849,61,5
3447,8720,4
10714,10764,8
10706,10764,4
10709,10791,4
10770,10799,5
10701,10785,7
10712,10742,4
5933,7447,5
10818,10832,4
10651,9755,4
11001,11027,5
11129,11140,4
11150,11176,4
11140,11174,4
11114,11141,4
10710,5522,4
10731,6560,4
10701,148,4
9481,9894,4
11361,11388,4
11370,11395,4
11466,11478,5
258,8679,6
2064,8178,4
1164,7349,6
1246,1863,4
2718,9828,6
11513,11528,5
288,8445,5
1966,620,6
11634,11676,4
11359,3486,4
11837,11876,4
11420,4449,4
2785,6815,4
10310,141,4
5299,7671,4
2346,7934,5
4990,7682,4
3779,7903,4
11917,11954,5
4526,7626,4
237,728,5
10083,6522,6
1404,237,4
1138,7076,4
4336,5132,4
1762,241,4
1762,5132,4
241,4188,4
241,557,4
1041,3432,7
10058,2503,4
10058,2489,5
10058,3851,4
2503,6522,4
1378,4580,4
4318,5016,4
7076,9659,4
2532,371,4
2532,888,4
10037,6024,4
10048,1413,4
1149,4787,4
2138,8827,4
1413,3223,4
10644,8596,6
3021,9282,7
3090,6447,5
5044,796,5
3299,75,4
11011,9735,4
1225,3180,4
11225,9395,5
6208,637,4
8684,9495,4
10024,8128,5
10095,11400,4
1024,5459,4
11923,9828,4
10550,4165,4
3921,5002,5
10767,11803,4
10785,11871,4
11803,582,4
382,6464,4
10310,7844,4
10847,4810,4
10868,2949,4
10661,4584,4
2489,7364,4
1352,3934,4
4626,5548,4
3279,3873,5
5226,6333,4
12414,12498,5
12436,12439,4
6258,638,4
10250,873,4
10238,2974,4
12203,1812,4
10954,12203,6
1325,7618,4
4497,5175,4
10691,9615,4
5096,741,4
1955,7068,5
11450,8427,4
11215,3529,4
11896,9062,4
2776,6777,4
12371,1410,4
12070,6900,4
11324,5418,4
10837,11224,4
1573,2185,4
12530,5121,4
10597,12598,4
12600,9433,4
1651,7812,4
10780,11483,4
4285,6843,4
2640,6056,4
1563,5747,5
10722,7509,5
12617,12657,4
3551,9268,4
6460,8566,4
12862,12883,5
5605,8810,4
1637,9367,5
12298,8317,5
1649,3466,4
13142,13154,4
2545,4393,4
4957,8733,4
13414,13416,4
10398,3875,4
383,5390,4
10347,8998,4
2396,2574,4
4566,8871,4
2614,8590,4
2500,6220,4
13462,13557,6
10244,13163,8
6148,8326,4
10306,3768,4
10857,942,4
10632,12244,4
12189,2204,4
13822,13894,4
11834,13731,5
5465,7780,4
316,3962,4
4785,8504,4
4580,6342,4
12594,8132,4
4972,9171,4
12516,1753,4
12586,9152,5
10620,7551,5
12746,135,5
13235,13636,5
12001,2068,4
13940,2160,4
3405,8258,4
3405,3680,4
3925,9901,4
12557,5043,4
12841,13753,4
3549,9505,4
12013,4516,4
3367,9535,4
1740,8729,4
13819,9280,7
12948,1709,4
6067,9540,5
13221,5212,6
10196,7721,4
13296,13561,5
13296,13571,6
13571,8810,5
1591,7721,6
5007,7555,5
139,6235,4
5802,8234,4
3407,4190,4
1972,6695,4
10067,10205,5
13296,712,5
13602,6043,4
1229,13380,4
7727,9781,4
3938,7727,4
8592,8990,4
2548,5634,4
13163,183,5
2467,9277,4
10454,13195,4
14651,14659,4
14747,14752,4
14703,14714,4
14701,14757,4
14770,14793,4
14713,14762,4
14730,14762,4
11528,5490,4
15167,15173,4
15153,15180,4
12323,8778,4
309,395,5
316,320,6
401,461,4
764,781,5
717,718,4
724,799,5
719,785,5
805,839,5
801,888,6
1043,392,4
1001,381,5
1319,1335,4
1322,1337,5
1056,706,4
1002,774,4
392,792,4
366,781,5
324,709,4
1514,1520,4
1987,1997,4
2153,2181,4
2135,2190,4
2130,2181,6
2419,2476,4
2747,2786,4
2879,2894,4
218,246,5
403,444,4
510,568,4
645,684,4
726,768,5
721,786,6
724,795,5
719,759,5
705,730,5
813,850,4
837,881,4
856,873,5
1026,368,5
1021,354,4
1226,1288,4
1449,1455,4
368,797,4
1056,771,6
1056,746,6
1537,1575,4
1508,1558,4
1982,1996,4
1945,1974,4
2116,2190,4
2129,2136,4
2210,2217,4
2226,2291,4
2205,2244,6
2216,2258,4
2418,2486,4
2457,2463,4
2504,2541,5
2523,2559,4
2908,2914,4
3011,3063,4
3167,3174,4
3301,3367,6
3475,3477,5
1228,2699,4
1287,2655,6
3538,3596,4
3471,746,4
3476,374,6
3974,3978,4
3914,3966,4
4020,4092,5
4034,4092,7
4009,4075,4
246,3195,4
2600,650,4
2233,3524,5
2294,3576,9
4230,4254,4
4256,4296,5
2178,740,4
3122,3402,4
3198,3444,4
2514,274,5
1602,231,4
4321,4340,6
4336,4337,6
266,2674,4
2554,2655,6
3770,888,4
2279,3577,4
2249,3599,4
4611,4682,5
1444,2511,4
1813,2769,5
2802,2988,4
1337,1484,12
446,4609,4
1722,4200,4
3161,4357,4
2457,3691,4
2004,2446,4
2793,4609,4
4060,933,5
1666,4083,7
1818,4316,5
4927,4998,5
4979,4988,4
3600,4473,5
1472,229,6
5021,5071,4
5238,5247,5
3523,3668,4
2062,3525,4
3585,3668,4
5394,5396,4
1358,2222,5
2904,3645,5
2279,2441,5
2405,2965,4
2255,3639,4
1321,2437,4
1350,3567,4
1365,2556,4
5483,5500,4
5490,5498,6
5435,5476,4
5484,5491,6
5432,5483,4
5404,5435,6
2233,3492,5
4641,5056,4
4647,5053,5
5550,5561,4
5635,5672,4
5642,5689,4
4017,5476,4
2717,5481,9
4044,5419,5
5478,928,6
2969,5494,5
5423,975,10
1947,778,6
1984,2477,5
169,1971,4
1766,2905,8
1430,5096,4
5719,5722,4
5735,5787,5
5724,5746,4
5701,5718,4
5720,5771,8
5742,5764,4
2949,979,5
3169,4421,7
4497,606,6
4008,5858,4
1545,649,6
3707,3957,4
2651,3707,4
5963,5991,5
5907,5922,5
5918,5922,5
6075,6077,7
1616,5708,4
2780,5976,4
5726,5991,5
5741,5927,4
5481,6017,9
5481,6063,7
4607,6047,7
4942,5500,6
3937,6004,5
5421,6035,4
6412,6418,4
3920,4593,7
1643,3404,4
1617,6004,4
1586,5460,5
2544,3880,4
1572,4903,5
6827,6897,5
6877,6894,4
6858,6878,5
3991,5356,4
4178,6004,4
3184,4646,4
1538,5053,4
1572,4300,4
6930,6974,4
7433,7484,4
7562,7563,4
2556,5946,7
1381,5719,5
7601,7685,5
4492,7663,4
4454,7643,4
1817,5954,6
5694,6177,4
1016,2408,5
1472,3512,4
1413,2262,4
5734,5964,6
3120,5993,6
7798,7800,4
7784,7800,4
324,997,6
7860,7890,6
7876,7894,4
8048,8057,4
5917,878,4
8236,8269,4
8257,8290,4
471,5842,4
8461,8470,4
7369,756,4
8526,8588,6
2725,7634,4
3278,8216,5
2571,6446,4
6572,7543,4
5074,5303,6
324,6893,4
1817,6825,4
1817,6001,4
6827,959,4
477,6847,4
2717,2993,4
6075,6889,4
4990,6854,4
2773,6866,4
4412,6889,4
2759,6853,6
2759,5706,5
6858,950,4
2227,7430,4
4862,877,6
6097,7866,4
3694,7617,5
5378,735,4
1315,2665,5
3169,7662,4
8190,901,7
3330,7601,4
2857,4421,4
4421,5411,4
8810,8862,5
8964,8977,4
8981,8989,4
3164,3798,4
1767,3762,5
1291,6747,4
4389,711,5
7602,8209,5
2926,3855,4
3471,8692,5
3920,8662,4
4389,8127,4
1146,7676,5
1146,3931,4
5043,6349,4
6127,8257,4
7710,8382,4
3275,4483,4
529,822,5
9104,9153,4
6580,7437,4
3730,4398,4
3979,760,5
2660,6475,4
6725,6857,7
272,3650,4
1940,7868,4
6061,9044,5
5490,8411,7
5668,5911,4
5668,6447,7
5819,8089,5
4700,8402,4
6059,6205,4
7068,7418,4
9366,9373,4
9382,9391,4
4484,5808,4
6752,8270,5
6030,7551,6
9542,9561,5
9613,9693,4
9619,9634,5
9656,9677,4
9713,9784,5
3242,4438,4
8887,9267,5
83,9385,4
7837,9101,4
5547,6293,4
9827,9862,5
1684,3445,4
4827,7508,4
756,8563,4
2155,8105,4
687,7938,4
2333,797,4
2488,5198,5
258,9380,4
3439,9693,4
8824,9602,5
187,9672,4
7131,9624,4
4860,6776,4
392,7898,8
7898,9014,5
174,2024,6
2090,484,6
10244,10248,4
7162,8558,4
2504,7506,6
4401,8576,4
7209,9645,7
6478,6878,5
4000,6831,4
10168,9523,4
7308,8588,4
6352,7163,4
7403,9264,4
10399,8037,4
10349,6813,5
10346,8961,7
10420,10488,4
10417,10424,5
10414,10424,5
10401,10419,4
8078,9418,4
1613,3253,4
1917,9410,6
4283,4552,4
2973,9466,4
10368,9874,4
6030,9049,7
10025,8907,5
2857,9410,6
8961,9069,5
10576,9758,5
5760,6453,4
3589,9540,4
2234,8887,4
2231,3002,5
10704,10728,4
10709,10741,4
10753,10779,4
10720,10744,4
10720,10737,4
5587,8003,5
10943,10975,4
6181,9924,4
11049,11074,6
11099,7288,7
11124,11153,4
11124,11176,4
11175,11188,4
11106,11121,4
11106,11141,4
11108,11175,4
11103,11121,4
11145,11157,4
11140,11178,4
11120,11156,5
11153,11194,4
3573,7656,4
10439,2824,4
6256,9529,4
10252,9529,4
10252,9111,4
11256,5957,4
75,9997,7
10726,8262,4
10791,2945,4
10709,174,4
11417,11469,4
4056,8735,4
3090,479,7
5058,9049,5
10794,11120,4
11198,2856,4
1340,5923,4
1343,2718,6
5734,5850,5
5459,8114,6
7998,8195,5
2097,6013,6
4514,8149,4
10334,544,4
3518,9495,5
11814,11867,4
11833,11876,5
11089,3665,4
8040,8919,4
2251,8609,4
218,6464,4
1240,8574,5
7240,9812,4
10799,11834,4
7162,9380,4
3322,7825,5
5277,7336,4
1064,4584,6
5132,7809,4
10083,6548,9
1138,3432,4
1041,557,4
6024,8194,4
557,888,4
2489,888,4
1283,4217,4
1378,1670,4
5031,5696,4
7076,7679,4
2532,4188,4
1490,1505,4
6827,8877,4
1434,5225,4
11972,5380,4
11972,269,5
10460,7510,4
1287,8587,4
2544,4056,6
10661,1490,4
3243,3416,5
7713,932,4
11946,4745,4
10243,2825,4
10243,6080,5
4497,7859,4
10255,6283,4
7881,8684,5
4792,5235,5
12151,12196,4
11275,7737,4
1164,11917,4
1631,8197,4
10862,8197,5
10764,8574,4
10203,4070,4
10778,11948,4
10234,11948,4
11874,4451,4
11803,1240,4
10596,7364,5
10479,10795,4
4287,8917,4
1673,8368,5
10328,4675,4
10095,5116,5
3894,4275,4
12338,12377,4
3534,7236,4
1074,1580,4
2276,9829,4
4335,4462,4
348,559,5
12436,12493,4
1138,479,4
3581,9522,4
10394,10572,4
10240,6246,5
1687,1836,5
2758,7834,4
2171,8539,4
10478,2171,5
5009,7832,7
4611,5919,6
10802,12408,4
11897,9281,5
1032,10484,5
1030,1955,4
1266,3529,5
9274,9826,4
12088,7862,4
10937,11224,4
4227,5136,4
12530,12596,4
12533,12537,4
11633,4707,4
12100,1499,4
12578,9094,4
6805,8290,4
6089,779,6
1753,8036,6
1651,2793,4
4478,4551,4
10067,4770,6
3889,7358,4
435,7832,7
11599,5977,4
12384,8297,4
11524,8297,4
12380,7571,4
5101,7845,4
10548,9480,4
12428,7043,4
1812,2223,4
2441,7850,4
75,796,4
12810,12899,5
2767,4930,4
8261,8944,4
2588,7346,5
10406,375,4
2588,5623,4
7243,7453,4
5711,9355,5
4393,8594,4
6293,8733,4
8579,9816,4
968,9704,4
4854,8674,4
7166,7744,4
2522,3526,4
2522,3220,4
11166,13432,5
13608,13612,4
11208,6365,6
2522,6060,4
8539,9661,5
11136,952,5
1424,2662,5
7657,9875,6
11812,9420,4
1521,3665,4
3572,7489,4
10857,6460,4
6019,6104,4
13808,13848,4
13174,1801,4
12587,6731,6
13119,7286,5
6960,9699,4
3759,6332,4
2717,5661,5
5661,8892,5
10314,8995,4
11593,1829,4
12594,4070,4
10762,3615,4
10762,2685,4
1977,7321,4
12354,4021,4
13384,6743,4
13235,5815,4
4810,5910,4
1739,4391,6
13203,9932,5
2717,603,5
5251,9721,4
3380,9721,4
12195,7395,6
14076,14087,4
11834,628,4
12587,12841,5
6731,8025,4
3382,3549,4
13525,9280,4
13221,6857,5
356,7721,8
10229,8025,4
13215,5012,4
1772,18,4
10747,6122,4
11767,4875,4
42,7661,7
6535,712,4
12578,8990,4
1591,8446,4
13163,8057,4
245,3586,4
8434,9277,4
2426,2684,4
132,4973,4
2350,5634,4
11213,14069,4
14018,2987,4
10784,14059,5
12908,14093,4
13565,4391,4
13194,5278,4
14626,14691,4
14703,14796,4
14708,14767,4
12727,8076,4
255,294,4
509,549,4
596,599,4
546,590,4
610,611,5
726,746,5
762,772,6
751,781,5
751,762,6
1128,1146,4
1134,1154,4
1023,308,4
1290,1295,4
1297,331,4
1056,709,4
360,709,5
2179,2185,4
2419,2472,4
2419,2465,4
2459,2497,4
2571,2584,4
212,294,4
254,276,4
376,381,6
455,483,5
459,461,4
524,574,4
703,759,5
716,737,5
731,793,5
701,752,8
701,726,5
829,863,4
811,847,4
804,843,4
807,831,4
1163,1186,4
1321,1387,5
1443,1452,4
1451,1466,5
1045,734,7
1007,707,5
1544,1591,5
1542,1586,4
1722,1778,4
1813,1837,6
1865,1878,4
1937,1966,4
1917,1997,4
1913,1974,4
2142,2187,4
2109,2154,4
2143,2171,5
2114,2129,4
2114,2126,4
2127,2150,4
2134,2135,4
2258,2274,6
2213,2258,4
2246,2277,4
2447,2486,4
2408,2411,4
2414,2472,4
2410,2492,6
2412,2473,4
2430,2500,4
2620,2645,8
3011,3030,4
3117,3162,4
3108,3183,5
3286,3300,6
3321,3385,5
294,3137,5
3444,3476,4
3402,3475,5
1236,1553,4
1223,2681,4
3588,3597,4
3538,3594,4
3520,3599,6
3512,3516,4
3635,3681,5
1023,3461,4
3719,3787,4
3904,3989,4
4042,4075,4
218,2186,4
4132,4144,5
2563,490,5
205,2522,4
2567,299,4
226,2565,5
231,2561,4
1636,351,4
2299,3524,4
4219,4245,6
2595,409,5
4376,4379,5
4313,4393,4
1367,2906,4
1302,959,4
1370,975,4
3770,848,4
4420,4488,5
4466,4473,4
4452,4466,4
2405,3698,5
3836,4571,4
4016,4388,6
3858,4556,4
231,4583,4
4615,4677,4
4611,4646,4
4607,4665,5
4607,4611,5
4656,4665,5
4620,4686,4
4631,4636,4
2725,58,4
1134,1703,5
1971,3135,4
1984,4400,4
1984,3205,5
288,4038,4
173,3637,4
121,3634,4
2857,4035,6
1482,4025,5
4915,4917,5
4904,4990,5
4909,4931,5
4925,4941,4
1263,1413,5
5012,5059,6
172,3512,5
2281,2328,4
2281,3668,4
5345,5362,4
1358,988,4
2221,2928,4
2273,2963,7
3537,923,5
126,3589,4
1034,939,4
5164,851,5
3709,750,4
5408,5420,5
5414,5431,6
5420,5436,4
5476,5477,5
5549,5594,4
5630,5690,5
5601,5672,4
4066,5458,5
348,960,4
1033,979,6
1771,4106,5
5755,5766,7
5811,5881,4
3111,3470,4
4552,5434,5
4675,4925,5
3594,4459,4
3169,4468,5
1572,3991,5
3392,5873,5
2998,419,4
1261,3947,4
2068,3947,4
5964,5966,7
1982,5808,4
6050,6084,4
6030,6061,4
6018,6046,4
6039,6047,7
6031,6097,4
6051,6054,5
4546,5041,5
6338,6339,4
6339,6365,5
3266,4487,4
2760,5800,5
1375,5773,4
4682,6070,5
2717,4990,7
4316,4942,6
4988,5467,6
3937,4914,5
3404,4554,4
4593,6027,5
4430,6092,5
6613,6694,5
6809,6832,6
6824,6844,5
4205,4552,4
147,4523,4
4903,5025,4
1538,6092,4
2710,4542,4
4300,5467,4
1572,3184,4
6912,6977,4
7007,7047,4
7220,7298,6
7436,7460,4
1906,2212,4
7637,7661,4
2185,7033,5
4435,7680,4
1229,7661,4
2484,4226,4
3570,4237,4
3297,3657,4
2134,4288,4
7776,7792,4
5769,6469,5
438,950,5
7811,7889,6
3919,7318,4
291,5048,5
1766,7172,5
2651,479,4
8112,8171,4
8246,8280,5
8276,8290,4
3509,4177,4
485,5867,6
1048,1928,4
5005,5328,6
1849,392,11
7369,7508,4
8522,8549,4
2530,3101,6
3127,4660,5
2870,4862,4
1955,8213,4
3536,6474,5
3760,816,4
3472,554,4
2482,4670,4
5015,7433,4
5769,6878,5
324,6889,4
2734,6844,4
477,6880,4
5440,6848,4
5500,6825,4
4316,6898,6
3120,6077,4
184,6064,4
6039,6836,4
2993,6884,4
1865,6855,4
4942,6839,4
5491,6469,4
1884,5954,4
1613,8461,9
3177,6294,6
1789,5596,5
5866,6784,6
1888,3777,4
3503,6097,4
8788,8791,5
4497,5411,5
625,7618,4
1677,2906,7
5482,7662,8
606,7685,4
3855,7606,5
3005,3888,4
441,4421,4
2589,3888,4
8925,8985,4
1747,233,4
1796,757,4
7832,8132,5
3950,8216,4
3503,8190,7
5564,8604,4
1169,3937,5
1146,3609,4
5220,7650,4
2032,511,4
6322,6584,4
9014,9076,4
4556,529,5
4384,8230,4
286,3749,4
494,860,4
3071,763,4
1341,8293,4
5505,901,5
5081,745,4
3371,8279,4
9245,9266,4
5787,8068,4
3177,6100,5
8037,8402,5
1053,3177,5
1076,7597,5
5470,7499,5
2124,3180,5
9638,9676,4
9648,9690,5
9683,9684,4
9634,9684,5
9622,9624,5
2550,9098,4
1684,9513,4
2443,9252,5
4110,9076,4
9834,9867,4
9875,9881,4
8587,9244,4
8545,9263,4
4490,9245,5
8006,8562,7
10018,10089,4
10016,10057,4
2323,4502,5
4226,8167,4
1325,6956,4
2488,7242,5
5584,6418,4
4249,5490,6
4449,9619,8
5683,9648,4
5672,9684,4
1030,9313,4
2012,3002,6
3002,8262,6
1321,3172,5
2054,5623,4
6729,8724,4
10243,10283,4
4142,8810,4
3618,4820,6
6474,7600,4
5799,8526,4
6051,9808,4
5737,8961,5
3590,5737,5
10373,2960,5
10412,10431,4
10428,10496,4
10483,10494,4
10409,10451,4
10425,10430,4
10434,10452,4
5770,9684,5
47,628,5
10198,7986,4
8474,9406,5
10371,7799,4
10534,10548,4
7860,9834,4
2123,745,4
1107,4754,4
10394,9874,4
2518,5760,4
4004,8051,5
2684,290,4
10654,3239,6
8807,9311,4
4274,8803,5
3064,7560,7
174,4820,5
2945,6729,6
191,2945,6
1849,3002,5
3447,3754,4
10760,10771,4
10710,10712,5
10718,10776,4
10720,10756,4
10712,10727,5
10705,10753,6
10818,10871,4
11049,11073,6
3173,8552,4
11119,11176,5
11175,11183,7
11101,11115,4
11127,11132,4
11103,11131,4
11142,11174,4
11114,11176,4
2097,5957,4
783,932,4
4650,6783,4
3958,4496,4
10704,1715,4
10719,3064,5
1173,9894,5
11304,11329,5
8363,8515,4
8861,9776,5
1265,6003,4
3243,4092,4
4092,8017,4
7349,8475,4
11633,11680,5
7801,9770,4
11718,11794,4
2212,6976,4
8841,9703,4
23,9465,4
1693,6143,4
3880,7919,4
1097,9380,4
6807,9525,4
10310,7336,4
210,5031,4
1041,5031,4
10058,8194,5
10023,614,4
2108,4337,4
4010,5031,4
2532,6024,4
3117,9386,6
1434,5069,4
371,6810,5
1138,2514,4
10016,8827,4
2174,5358,4
10460,11067,4
47,7772,4
2544,9977,4
11276,8851,7
11868,3451,4
171,6890,4
1424,2859,4
5330,9790,4
6471,9369,6
10024,7656,4
11280,1747,6
3963,9725,5
1710,9305,6
1343,7801,4
11957,9441,7
2196,5416,4
10690,5058,4
3921,6084,5
10767,5096,8
10796,218,4
11876,7837,4
3361,5093,5
3322,4070,4
382,5277,4
7844,8406,4
10173,7627,4
10184,9576,4
10868,8901,4
10365,10868,4
4364,7919,4
7187,9557,5
4287,5287,5
10460,8684,5
10328,5653,4
6114,9331,4
3534,3934,4
4626,4784,4
10382,4784,6
348,5911,6
11021,4768,4
10516,7667,5
12434,12486,5
7859,9376,4
1836,4993,5
5027,7834,4
10909,3451,4
1563,9294,4
10478,4735,4
11565,8190,4
12408,6548,4
11171,264,5
1410,9615,4
10432,6394,4
3779,9512,4
11284,11680,6
10523,8463,4
11896,7832,4
10728,11332,4
11378,7007,4
4796,9274,5
1202,1511,4
5690,9676,4
10218,919,4
11600,4227,5
11534,6394,4
10837,11561,4
2221,7862,4
10683,420,4
11687,8024,4
5755,9025,4
5538,8836,4
11347,3631,4
1739,5123,6
3665,611,4
10040,1317,4
1651,3546,5
11334,9516,4
10212,1229,4
3332,4335,4
10465,9620,4
1029,6836,4
11050,11528,4
12514,9476,4
8871,9600,5
1268,8371,4
11957,6489,4
1351,8025,4
12355,4483,4
10722,10809,4
11651,12934,4
11214,8642,5
8871,905,5
13119,13124,4
13142,13174,4
6863,8320,4
2197,2504,4
10880,2043,4
13416,13480,4
10347,3265,4
2396,8252,5
11513,2383,4
10308,2383,5
10454,7866,6
13748,13792,4
13771,13791,4
10181,13112,4
2125,9366,6
12248,3953,6
6305,7547,4
12189,13594,5
6235,8015,4
13638,6903,4
1651,6903,5
7987,8882,4
2596,8093,4
10747,2439,4
12594,741,5
7451,8036,4
12669,13605,4
12248,3608,5
2065,6882,4
11326,5922,6
1099,9932,4
3773,9507,4
338,7226,4
11011,3889,4
13731,8529,4
13235,741,4
2512,3367,4
13232,7799,4
4204,9156,4
6382,833,4
13541,4989,4
13541,5681,4
1656,7544,4
11513,12840,4
6323,8810,5
13249,2548,6
13296,7060,5
1591,7060,5
9031,9355,4
170,5175,4
3309,5237,4
12323,3897,4
4685,9540,5
13296,42,7
13571,5101,5
10205,11572,4
10938,13296,4
3364,7286,4
10214,11572,4
5212,8763,4
11089,2826,5
13637,3865,4
1694,2658,4
14093,6027,4
10784,1992,4
11957,12910,4
3451,9688,4
12301,14059,4
3923,9265,4
1779,3907,4
14751,14763,4
14751,14761,4
14769,14782,4
14748,14749,4
14727,14751,4
10116,11528,4
15122,954,4
15122,8211,4
246,247,6
246,289,5
317,400,4
762,763,6
751,797,6
701,739,8
761,778,5
878,897,5
822,837,4
907,940,4
1013,324,7
1007,392,4
382,774,4
330,799,4
334,771,4
1954,1976,4
1903,1986,4
2248,2299,5
2278,2285,5
2432,2474,4
2681,2697,10
205,215,7
243,266,4
244,263,6
226,276,5
408,469,4
501,565,5
601,658,4
702,777,4
712,758,7
711,757,4
734,785,5
848,859,5
813,819,4
823,878,4
961,979,4
1026,1043,6
1044,334,4
1057,385,4
1025,772,4
1025,746,4
1038,730,4
1503,1598,8
1637,1639,4
1709,1775,4
1865,1868,4
1914,1946,4
1902,1962,4
2065,2100,4
2247,2264,4
2211,2234,5
2241,2261,4
2249,2276,4
2401,2482,6
2463,2489,5
2438,2492,4
2472,2475,4
2517,2573,4
2648,2666,4
2755,2797,4
2712,2743,4
2933,2952,4
3122,3188,5
3172,3188,4
3155,3167,4
3116,3120,4
3114,3195,5
3359,3396,4
3317,3360,4
3123,610,8
3127,660,4
275,601,5
226,624,11
256,607,4
293,606,6
3446,3461,4
3402,3497,5
1287,2681,4
3561,3593,4
3550,3570,4
3657,3686,4
3607,3643,4
3405,740,4
3707,3716,4
3967,3988,4
292,3167,4
490,606,4
1264,625,4
1670,2537,4
2604,350,4
2400,435,6
1662,2848,5
4269,4300,5
4227,4260,4
4223,4245,6
4209,4270,4
4208,4270,5
281,3436,6
2105,3493,5
3477,679,4
2101,661,4
1314,2959,7
1371,2906,5
2570,2655,6
2276,3597,5
4401,4475,4
4420,4449,4
4053,4373,6
4007,4380,4
1046,1651,9
4668,4690,4
4661,4680,4
1439,2758,4
1314,2759,6
1337,1444,4
1903,4038,4
4025,928,9
1464,4388,5
2959,4066,5
2511,4399,8
4388,930,5
4828,4835,4
4809,4880,4
4990,4993,4
1401,2713,4
1413,2277,7
5382,5391,4
5325,5336,5
2924,3536,4
2315,3563,5
135,3587,4
2886,980,4
3448,382,4
3426,382,4
5435,5456,4
5414,5421,6
5429,5498,4
5402,5404,4
1263,3839,5
4678,5096,5
4376,979,5
5641,5681,4
5651,5686,4
5619,5620,4
4025,5416,5
2789,5401,9
1984,5122,4
5744,5774,4
5721,5782,4
5709,5789,4
5764,5780,4
5768,5789,5
4144,783,4
1451,4638,4
4056,5809,5
3267,735,6
1537,3493,4
1261,3587,4
1350,311,5
2224,366,4
5904,5930,4
5949,5951,4
5912,5927,6
5962,5972,4
1943,2137,4
3330,663,6
4076,652,4
2137,5133,4
6061,6067,8
6007,6068,4
4211,5002,4
142,2446,4
1580,4529,4
4767,770,4
5775,5927,4
5797,5927,4
2760,5982,4
1375,5976,4
1126,92,4
2717,6039,6
4316,4607,6
2560,4069,6
1046,1572,5
3404,4656,5
1617,4609,4
4554,4656,4
1598,4646,4
1662,3998,5
1548,4903,4
1548,6004,4
6501,6532,4
6516,6556,4
4982,5497,7
6808,6877,4
6809,6829,5
6832,6896,5
6825,6885,5
2710,5434,4
5025,5467,4
2596,5025,4
7076,7098,7
7537,7591,4
5740,5942,4
1167,7586,4
1403,2387,6
1622,4356,4
7606,7629,6
7617,7623,4
3928,7616,4
2937,5774,4
2559,4815,4
2290,5812,5
2734,5734,6
7706,7785,4
7719,7784,5
2329,399,4
3120,5761,6
3424,5743,4
5954,997,5
324,5744,5
7832,7834,4
7827,7861,4
1389,718,5
2260,5310,4
8102,8142,4
8249,8266,4
8213,8276,5
5995,6887,4
7713,8399,4
2453,3806,4
7765,7846,4
8508,8541,4
1244,3477,7
210,4584,6
2272,2446,4
3249,6478,5
2213,281,4
1025,917,5
4896,5015,4
1436,6951,4
2382,4288,5
2203,899,4
5769,6884,4
5993,6825,4
5706,6872,5
6001,6809,4
5977,6866,4
477,6809,6
2717,6893,4
6063,6870,5
6063,6832,5
6063,6880,4
4674,6878,4
4674,6825,6
6069,6870,4
5440,5734,4
3576,6884,4
3544,5706,5
6008,6825,4
4316,5724,4
5954,6039,4
5954,6075,4
6049,6897,4
1865,6872,4
5491,6853,5
5491,959,4
1884,5966,4
8014,8433,4
5668,8485,5
451,5819,5
4404,6774,4
253,2747,5
7770,8289,4
7433,853,6
3291,8130,4
5482,7606,4
4468,8158,7
4421,625,4
2906,7645,4
1432,7618,5
8938,8949,4
8961,8965,5
4404,4897,4
7550,853,4
5010,8189,4
7039,8190,5
2776,5789,5
1106,2702,4
2702,3106,5
9009,9015,4
2534,4846,4
1942,2746,5
2273,6550,4
4764,7858,4
3510,4051,4
1733,9083,5
1927,6468,4
5579,8190,5
1635,663,5
9204,9258,4
6242,6876,4
2262,7034,4
9345,9373,4
2530,2728,5
9548,9557,4
5943,8986,4
3979,6293,5
9619,9640,5
9624,9679,6
9645,9682,4
9618,9683,4
9751,9770,7
9725,9742,4
1240,7726,4
8684,9345,4
9906,9954,7
7162,9522,4
3746,5742,4
6263,6598,4
1209,9950,4
5922,8988,4
419,8983,4
6447,7605,6
6588,9356,4
5383,9634,4
1982,9628,5
4860,4933,4
622,9648,4
4270,9624,4
3445,9711,4
6802,9532,4
2354,2945,7
1444,9988,4
10131,10138,4
7772,8390,4
2234,6741,4
2967,3447,5
1020,9014,5
3447,9014,5
5503,9645,6
3618,9699,6
6453,8679,4
3998,6878,4
10325,10396,5
10389,10394,6
10310,10376,4
10145,53,5
7117,8818,4
10128,7153,5
3627,9766,4
1677,6372,4
281,6813,6
6382,8590,5
8045,9959,4
10389,6447,5
10396,281,5
10409,10419,4
10417,10442,4
10414,10483,4
10439,10445,5
2755,9430,4
10463,8284,4
511,9188,4
3153,7243,6
4441,9466,4
10640,9769,4
1505,9271,4
9229,9940,4
5207,525,5
6447,92,4
3627,9212,4
3589,855,7
174,4202,5
3640,6765,4
10714,10779,4
10766,10770,4
10766,10795,4
10713,10760,4
10764,10778,8
10772,10791,4
7582,8189,4
10806,10871,4
10329,9466,5
11001,11069,5
2754,7163,4
11119,11141,4
11128,11132,4
11101,11156,4
11174,11180,4
11127,11136,4
11141,11199,4
11150,11161,4
11140,11142,4
11102,11151,4
11102,11132,4
11114,11150,4
11205,11217,4
3802,633,6
11275,1343,6
10704,2345,4
10709,3002,5
3631,8265,4
3021,8596,8
6030,6289,5
4716,708,4
2687,2976,4
10536,8714,4
10253,1321,4
10661,6529,4
10267,6529,6
9757,9977,4
5696,6053,5
11296,2457,4
6468,993,6
6777,8406,7
11614,11648,4
7511,8801,4
10431,8595,5
7671,8149,5
2970,7671,5
3798,3959,4
10420,8159,4
2336,4803,4
10490,4351,4
10328,7656,6
1858,6431,6
10179,1955,6
3343,5167,4
10306,4679,4
141,8353,4
10234,9280,4
11559,5769,4
11930,11972,5
9524,9653,4
9258,9376,4
10310,6165,4
4823,7677,4
10057,7060,4
1404,4010,4
1138,371,4
241,9659,4
1041,4217,6
10058,863,5
10023,241,4
4269,5530,4
4217,4584,6
10465,9300,4
4308,5225,4
1820,664,4
1979,4123,4
6522,8827,4
335,5653,4
4737,7950,6
5162,6317,4
4315,8390,6
2208,8587,4
1475,2201,5
6529,8562,5
1413,3243,5
1254,1475,5
10267,8562,5
10267,9386,5
8299,9777,5
3589,9977,4
1540,3093,4
11948,8851,5
10022,11280,6
2054,9127,5
11400,5748,4
10328,11221,4
10328,1860,5
3963,6208,4
1888,3982,4
12170,12197,5
10112,92,5
11898,4451,6
1056,5093,4
1240,6777,4
11296,11833,5
10702,8353,6
10310,11880,4
8330,8784,4
12206,12220,4
10316,4731,4
3191,7187,5
1617,6471,5
7983,8128,4
3963,7910,4
5653,9493,4
5748,8368,5
628,9331,4
4737,9395,4
1580,9829,4
2171,3876,4
10270,9232,4
10250,1462,4
1525,3178,4
1057,2412,4
10954,12210,5
11876,222,6
1115,8539,4
7453,9091,4
10130,9281,4
1240,1829,5
10484,3985,4
11629,7840,4
5754,9994,7
7319,8981,4
10515,3595,4
5803,8830,4
12508,12559,4
12537,12559,4
11910,4379,4
4707,6084,5
10862,1218,4
2716,871,4
11784,8024,4
4707,7068,4
6084,9988,4
11483,1327,4
10512,9544,4
10446,1289,5
7720,8339,4
10130,9862,5
5747,859,5
11812,9355,4
3332,8466,4
1449,9701,4
12712,12793,4
1263,5551,4
10515,1260,4
5463,8566,4
1351,8261,4
12230,86,4
12862,5418,4
10294,11808,4
4854,5998,5
4496,8871,5
11239,8317,4
11807,4393,4
4502,9174,4
1113,8671,4
1113,5416,4
1850,311,8
2197,3149,4
13487,8609,4
4538,6294,4
10024,6086,4
1788,9228,4
13651,13680,4
8025,9355,6
2605,3847,4
2256,3429,4
11572,8446,6
10184,10753,4
11360,5959,4
1225,7341,4
6860,9420,4
12587,3512,4
13669,8664,5
13714,13795,4
2125,3953,4
10640,12979,5
1272,13579,4
5765,6960,4
13638,6993,4
6576,6666,6
4940,5319,4
13628,7670,4
10812,1829,5
7995,9152,5
1033,8036,4
10798,7327,4
12244,3608,5
13620,1977,7
10507,13560,4
12080,12389,4
10591,11326,4
7209,9441,4
170,603,6
13682,9381,4
1925,3925,4
3938,5899,4
628,8025,4
10685,13781,4
11450,13404,4
12600,13731,6
13232,9362,4
3332,9649,4
7917,8664,5
4875,4969,5
7721,8383,4
2964,8057,5
13561,7099,5
13564,1769,5
13564,7555,5
12473,1611,4
11872,9480,4
1769,4685,4
3319,9994,4
10205,6067,4
10196,12021,4
12695,7017,4
356,5201,6
10244,6733,5
10938,8057,5
10918,9277,4
10918,5278,4
7114,8050,4
8050,9994,4
11513,7288,4
3907,8106,6
5516,8196,4
13637,2844,4
14733,14771,4
14757,14779,4
14725,14756,4
14750,14778,4
229,231,5
680,698,4
650,670,5
641,649,4
704,749,5
737,785,5
793,799,5
719,729,5
1024,1100,4
1003,1039,4
378,747,4
315,726,4
1538,1586,5
1581,1597,4
1064,728,6
1954,1992,6
1915,1986,4
1902,1904,4
2134,2145,4
2082,72,4
103,148,4
264,283,5
207,254,5
315,354,5
521,536,4
546,551,6
613,692,5
609,649,4
827,897,4
831,877,6
1031,1072,5
1014,1092,4
1041,371,6
1045,308,4
1205,1250,4
1229,1230,4
1228,1269,6
1265,1291,8
1314,1323,5
1464,1484,8
1638,1700,6
1990,1997,4
1962,1967,4
1916,1917,5
2141,2144,4
2203,2220,5
2426,2489,4
2026,2392,4
2527,2560,4
2515,2546,6
2629,2631,4
2725,2780,4
2705,2792,4
2877,2887,4
2908,2975,4
3046,3087,4
3122,3172,4
3104,3186,4
299,3169,5
205,3123,6
3446,3490,4
3442,3482,4
3410,3471,5
3532,3548,5
3541,3560,4
2130,618,4
3620,3635,5
3607,3689,4
3839,3865,4
3906,3908,4
3931,3978,4
2197,286,4
1143,536,5
4162,4180,4
2586,299,4
248,2573,4
2521,490,5
1208,482,4
1643,2596,7
1005,3149,4
2667,3974,4
2252,3593,4
2245,3561,4
167,2065,4
4218,4243,4
4260,4294,10
3122,739,4
244,3444,4
2197,3451,4
2106,733,5
266,440,5
1220,154,4
4340,4384,5
1367,2969,4
2992,993,6
2268,3535,5
2284,3563,4
4409,4496,4
4425,4473,4
4411,4499,4
4496,4499,4
4418,4452,4
141,3678,4
2500,3651,6
130,2405,4
2378,2500,4
4020,4384,4
4615,4643,4
4620,4685,4
4657,4661,4
4650,4677,4
4670,4680,4
2786,2869,4
1482,1818,8
1391,437,4
2968,437,4
407,928,9
2743,2988,5
2758,933,4
3205,3343,6
1992,2181,6
1905,4357,4
2969,4007,4
1314,4066,5
2717,4059,5
4841,4871,5
4854,4871,4
4914,4975,4
2699,4473,5
2601,409,4
5047,5094,6
5178,5194,4
2279,3648,4
1330,3536,4
2212,3648,4
2963,3537,4
1343,2236,5
4118,974,4
3896,5342,5
5196,805,4
5448,5495,6
5436,5466,6
5468,5479,4
5421,5426,6
5423,5443,6
5423,5477,4
5432,5451,5
5404,5499,6
5419,5483,4
1057,3178,4
1819,5025,4
4641,5055,4
2972,4344,5
2959,5478,5
407,5498,5
1818,5438,4
169,3614,4
5122,56,4
5720,5788,8
5767,5774,4
1016,3470,4
1992,2223,4
1369,3024,4
4554,5422,6
1865,4412,7
1930,4177,4
2623,311,4
2909,3947,6
3569,380,5
5906,5914,5
5938,5944,4
5917,5976,5
5950,5962,4
291,4314,4
2182,3250,4
1963,2137,4
6016,6064,7
6041,6073,4
6019,6045,4
6036,6037,5
6266,6297,4
6370,6382,5
5481,6064,8
5464,6061,4
4162,6382,4
4339,6100,5
2728,6032,4
1701,4981,4
6418,6465,4
2560,5420,4
1046,4945,4
4554,5420,4
1598,5434,5
1662,4903,5
2509,3492,4
4593,4609,5
4646,5450,4
6869,6896,5
6829,6872,5
6830,6848,5
6827,6878,7
4178,4255,5
3940,4641,4
7028,7047,5
7381,7398,4
5725,5907,4
5759,5905,5
1365,5918,4
4344,7543,6
170,813,6
1403,798,6
5798,5977,6
3651,4294,4
1303,348,4
7733,7778,6
7745,7784,5
7709,7785,5
7705,7754,5
3024,5743,4
6408,950,5
2734,5966,5
2734,5977,5
7885,7894,5
2075,4248,4
4223,652,4
3226,53,4
8010,8040,5
1231,5065,4
2642,3345,4
1605,4544,4
4893,5984,4
2645,2780,4
8169,8179,4
8117,8121,5
8174,8180,4
8157,8174,4
8246,8270,5
8225,8253,4
8383,8389,4
2453,3932,4
1963,6720,4
8544,8579,5
8501,8516,4
4321,6447,4
2569,4832,4
439,6565,4
4360,6501,4
2437,4153,4
6416,821,5
5056,7162,7
5769,6833,5
6896,997,4
5964,6829,4
6001,6839,4
6001,6829,5
5977,6839,4
6075,6898,4
5761,6817,5
5500,6853,4
3120,6017,5
5788,6885,4
6049,6836,4
4481,6063,4
4412,5771,4
4412,6872,4
5771,6827,4
1884,6408,4
1613,6242,6
1789,3177,5
2992,5508,4
6725,7680,6
5423,6813,9
381,4919,4
8609,8624,7
5789,7872,8
1178,544,4
4416,7433,4
5411,8158,7
2906,441,6
2906,3330,7
8984,8986,4
8901,8991,4
8920,8973,4
8939,8963,4
8947,8952,4
3368,4854,4
4156,7532,5
6486,757,4
7082,8158,5
625,7082,6
1635,7820,6
6541,8399,5
1183,592,4
5246,6345,4
5332,5873,4
5332,5612,4
5873,6584,4
256,956,5
1042,8146,4
467,6968,5
4105,494,4
1321,8121,5
3749,494,4
2589,5731,4
2174,4580,5
5584,7820,5
1646,6750,4
1702,8624,4
6294,8093,5
3477,8461,4
1244,6242,4
6823,8007,4
8089,8402,4
249,7612,4
2262,7418,4
2569,6927,4
1223,3650,4
2446,5138,4
2479,7379,4
4171,760,4
9620,9630,4
9660,9677,6
9601,9620,5
9634,9690,5
9610,9634,6
9705,9718,4
3820,9586,6
9812,9871,4
5620,908,4
624,6523,5
1330,9285,5
415,8502,4
10022,10095,8
7291,9548,5
2269,8983,4
9365,9930,4
4076,9601,4
4553,4860,4
5096,9602,4
1089,9684,4
4270,4449,5
3844,4449,4
5518,9755,4
4611,7879,4
182,418,5
3462,763,5
2701,75,6
1818,8724,4
4451,4820,7
1715,6857,4
8225,855,5
2201,6478,4
8810,9540,7
6084,8441,4
281,8961,5
10371,6813,5
10322,6441,5
10407,10480,4
10415,10428,4
10414,10445,5
10468,10471,5
6263,9859,4
4881,6694,4
10424,6060,4
10557,10591,4
7860,9098,5
8363,9098,6
6805,9410,5
5423,9834,4
10652,10663,4
1955,7134,4
8557,9940,4
7768,9466,4
10352,8158,5
3837,479,6
3028,7898,5
2856,5403,4
10706,10718,6
10713,10778,4
10713,10737,4
10709,10726,4
10753,10771,4
10719,10791,4
10764,10770,4
10843,10896,5
10945,10950,5
6181,7506,4
11119,11200,4
11130,11145,5
11178,11187,4
11129,11196,4
11148,11190,4
11132,11143,4
11142,11189,5
11145,11160,4
11145,11161,4
11131,11198,4
11122,11141,4
11143,11164,4
11121,11188,4
11139,11191,4
11109,11131,4
11180,11187,4
11136,11180,7
288,783,4
10726,8729,4
10751,9066,4
10753,3187,4
11312,11354,4
11469,11496,4
10440,4056,4
3021,4170,7
2201,3090,7
896,953,5
10541,1342,4
10576,4092,4
4051,760,4
11566,11594,4
10806,855,6
8114,8475,4
10431,8010,5
6541,9751,4
10320,7830,5
4473,6380,4
7682,8030,5
11876,5616,4
7094,7418,4
11180,3420,4
7319,8704,7
1253,7007,4
11884,7934,4
1097,7919,4
3367,3589,4
10900,9380,5
613,8228,4
10016,4728,4
5696,7098,6
1762,4580,4
4584,5209,4
614,7809,4
4689,7809,4
2174,5209,4
4318,614,4
4641,9539,4
421,5203,5
10394,4010,5
4580,7716,4
1617,5653,6
1528,2458,4
5653,7902,7
10025,8084,4
5533,9258,5
10253,8006,4
10536,10819,5
10267,1505,5
10644,10899,5
1342,7373,4
2768,3018,4
10294,3545,6
11400,9369,4
10015,9389,4
4514,8114,4
1678,2851,5
4165,9833,4
6823,953,5
11871,6777,4
10716,1966,6
2437,382,4
10701,11296,6
10310,10764,5
4606,9303,5
8901,9561,4
2441,7627,5
11280,8368,5
5653,6471,5
7902,8684,4
1343,7834,4
11211,9101,5
3330,9957,4
4335,9829,4
2758,6570,4
12411,12436,5
12405,12432,4
10283,3581,4
2681,6032,4
10238,2327,4
10329,11593,4
5966,865,4
11808,8039,4
11243,9324,4
11649,9954,7
11253,5813,4
10053,9994,5
1398,1473,4
1858,5217,4
4524,6349,4
264,6865,4
11066,12020,5
12508,12586,4
12512,12581,5
9063,953,4
11243,5002,4
5538,7427,4
9466,9822,4
12210,12544,4
10365,1470,5
2640,86,4
10130,7832,5
1311,9562,4
5538,9650,4
10722,5120,4
10440,1418,4
11649,5436,4
12739,12771,4
1863,5995,4
6369,8286,4
10016,420,4
9057,9991,4
2982,8912,4
11753,1562,5
7083,7660,4
5361,6511,4
12385,4393,4
12354,3977,5
10365,860,4
10403,2522,4
5815,9599,5
13407,13416,4
11528,5007,4
3707,8292,4
4709,9535,5
13648,13668,4
3874,4496,4
4576,5710,5
11508,12335,5
11588,9512,4
4701,8754,4
13160,6148,4
664,9472,4
13696,9649,4
11716,7014,5
10181,10960,4
11676,7014,5
5757,8223,4
13594,2204,4
4782,6107,4
11450,13734,4
1162,3155,4
4645,9742,4
11794,5438,4
10329,2906,4
6915,7825,4
10767,5240,5
6001,9466,4
10798,7825,4
13668,7321,4
5769,9321,5
6011,6380,4
10507,6882,4
3078,8091,5
14025,14067,4
13781,8674,5
12587,3889,4
13636,2685,4
1057,13232,6
3965,6382,4
1025,3907,4
10747,8411,4
13620,3194,4
3680,5668,4
13221,7555,5
2112,8810,5
11211,5007,5
2588,7555,5
11528,2548,5
13510,5111,4
13542,8698,4
1138,8529,4
1769,3897,4
10196,138,4
2106,4685,4
13364,4023,4
13364,7017,4
5201,8057,4
11577,6578,4
245,7742,4
14260,14261,4
11513,8434,4
11513,2467,5
3048,4301,4
11562,7194,4
14680,14690,4
14662,14665,4
14751,14793,4
14747,14776,4
14704,14748,4
14761,14770,4
14727,14761,4
14776,14782,4
14759,14787,4
14736,14749,4
1242,15153,4
1242,15158,4
15112,6764,4
262,285,4
782,798,4
763,778,5
809,866,5
945,979,6
1036,1084,4
1026,1057,5
1051,395,4
1001,395,5
381,739,5
328,730,4
313,721,6
1937,1997,4
1903,1993,4
2144,2179,4
2111,2116,4
2262,2290,4
2211,2231,4
2857,2886,6
2841,2853,4
204,230,4
308,362,5
537,585,4
546,564,5
627,675,4
715,783,6
703,771,5
727,781,5
727,785,5
719,760,5
708,748,4
750,781,5
822,826,4
837,851,4
1330,1347,4
1376,1377,4
1343,1387,4
1325,1340,6
1013,733,4
1013,766,4
1095,730,4
1095,704,4
1023,751,7
1514,1536,4
1808,1864,4
1920,1966,4
1919,1958,4
1903,1942,4
2041,2064,4
2126,2182,4
2109,2142,4
2241,2300,5
2322,2385,4
2356,2363,4
2428,2491,4
2560,2594,4
2833,2840,4
3041,3071,4
1662,391,10
3157,3192,5
3192,3199,5
3278,3300,6
3440,3446,4
3405,3476,4
3444,3490,5
3402,3446,4
1223,1506,4
3515,3520,4
3512,3573,4
3142,685,4
3609,3643,5
3658,3666,4
3702,3723,4
3835,3845,4
3805,3867,4
4017,4069,4
4002,4080,4
4035,4088,4
4027,4056,5
4044,4052,7
4016,4029,4
1479,1842,5
1677,3184,5
1063,3967,8
2862,416,5
4223,4229,4
4204,4222,4
4270,4271,5
4235,4286,4
3193,3436,6
3167,3475,4
263,3444,5
3106,687,4
2195,3196,4
2905,962,5
1332,2905,9
2959,930,7
4402,4416,4
4523,4552,5
4538,4542,4
4534,4540,4
4032,4329,6
3809,4590,4
4656,4674,5
4652,4659,4
4645,4674,4
1444,1666,4
2758,407,4
1034,3041,4
1817,477,7
1314,1484,6
1149,2184,5
2446,3637,4
2379,2472,5
2959,4011,5
2959,4353,5
5146,5152,4
5138,5148,4
5152,5193,4
3568,3668,4
2075,2288,5
5311,5395,4
5319,5333,7
2467,3536,5
2932,3554,4
1330,912,4
130,972,5
3815,5358,4
3837,5396,4
5499,5500,4
5458,5468,4
5426,5483,4
5476,5484,4
5409,5448,4
1453,3815,4
4647,5055,5
1351,4034,6
5659,5693,4
5645,5662,6
5645,5660,4
5619,5695,5
2959,5443,5
1371,5484,5
4009,5490,5
4364,5466,5
127,2109,7
2660,3329,4
4010,570,4
1813,570,4
285,4020,4
5704,5730,4
5771,5789,4
5771,5791,4
5716,5779,6
5714,5775,5
3470,675,4
2523,700,4
1454,2212,4
1498,4933,8
4665,4991,4
2204,4483,4
1808,4431,4
1548,3940,6
3220,5815,5
3587,402,4
3415,3919,4
3174,397,4
3569,3999,4
2700,3157,4
2700,3415,4
374,624,5
5982,5996,6
5912,5919,5
5934,5990,5
5808,844,4
4076,5885,4
4179,894,4
6020,6100,5
6061,6097,4
6022,6068,4
6176,6197,4
6165,6198,4
173,2100,5
6345,6372,5
2869,5727,4
3368,4199,4
3106,574,4
1587,5464,4
5491,6075,6
5443,6047,6
165,1701,4
6478,6479,4
3920,4967,4
391,4552,6
3961,4591,4
4914,5434,4
3991,5467,4
6814,6824,5
6880,6885,5
6832,6864,6
2403,4647,4
1819,4523,4
3670,3920,5
3208,4430,4
4753,6388,4
7540,7565,4
4092,7553,4
1774,2988,6
7601,7606,5
2425,5022,4
3260,3545,4
7709,7770,4
7764,7773,4
7704,7713,4
1619,950,5
1619,4373,5
5993,6008,5
1329,2926,6
5076,5885,4
5982,6121,4
8114,8165,7
8113,8169,4
8229,8233,4
4148,5080,4
5911,6020,6
1250,5456,5
8361,8362,4
7363,8375,4
4227,5034,4
2527,732,4
3547,6430,4
1532,4321,4
1267,1638,4
3173,7671,4
7082,8209,8
1554,2988,4
6946,7457,4
494,6968,4
5074,7439,4
6016,950,4
4373,6855,5
5724,6063,4
2734,6866,5
438,4412,4
6063,6408,4
4674,6884,4
4674,6853,7
5440,6884,4
6017,6829,4
5954,6872,4
4990,6829,6
5720,6814,4
2993,6069,4
5481,6864,5
5481,5720,4
5481,5964,4
7796,8381,4
2412,4294,6
3093,3590,8
3278,7318,4
1635,606,4
4497,7662,6
3330,441,6
7618,901,4
5442,7645,5
1646,4468,6
8908,8991,4
8904,8945,6
8965,8984,4
2636,4734,5
3784,7120,4
2541,4541,6
233,991,4
4389,8078,9
3278,3330,5
1646,5789,5
83,8654,4
8142,8656,5
7948,8656,4
3471,711,4
1701,4795,6
1730,4769,5
1189,5080,4
9019,9055,4
9030,9098,5
9151,9188,4
2518,8596,4
3743,4139,4
2392,2458,4
1143,3975,4
281,3300,5
7185,7336,4
5509,6745,5
6750,8190,4
1646,663,4
5411,5579,4
4389,6512,4
9252,9258,6
4395,5668,4
4395,8093,4
5490,5596,4
6418,8403,5
18,5910,4
2886,6447,7
1789,5795,4
1735,2124,4
9337,9360,5
9366,9386,4
9345,9394,4
9384,9391,4
1077,7291,4
1484,4379,4
2723,7001,6
1343,4036,5
9602,9659,4
9602,9696,4
9690,9693,6
7590,780,4
3043,707,4
3937,9392,4
2747,5447,4
3153,5447,5
3180,5027,4
9833,9875,4
135,869,4
4827,869,4
9914,9975,4
9926,9944,6
4989,6365,4
2488,6668,4
2713,9972,4
7291,8609,4
4076,4270,4
5652,9611,5
5652,9693,5
300,9690,4
5672,9634,4
4852,9672,5
4553,9660,5
4860,9610,4
6776,9649,4
622,9677,4
5359,9610,4
4034,7898,8
1637,8793,5
182,8260,6
1657,826,4
10087,9400,4
10110,10145,5
3616,4467,5
4978,9063,4
2231,8983,4
2254,2504,5
3432,6053,6
4689,888,6
10371,10377,5
3925,6769,4
6730,6831,4
4551,7246,4
4827,9389,5
4249,5737,5
10377,2960,5
10483,10492,4
10417,10496,5
10441,10463,4
10476,10494,6
10437,10446,4
10456,10461,4
10419,10425,4
10419,10430,4
10452,10481,4
1013,5770,4
10432,1403,4
4717,9855,4
2910,5411,4
10325,9101,4
1089,1599,5
6474,8294,4
6136,8197,4
61,7560,5
10766,10776,4
10720,10771,5
10751,10795,4
226,8956,4
10938,10962,4
2504,9498,4
11044,11056,4
11165,11188,4
11124,11158,4
11124,11129,4
11118,11128,4
11161,11199,4
11160,11163,4
11132,11191,4
11173,11183,4
11142,11178,4
11140,11193,4
11122,11189,4
11121,11140,4
11109,11199,4
11120,11161,4
11102,11178,4
11114,11157,4
11114,11164,4
11224,11279,4
4253,6256,4
5957,783,4
1246,4650,4
1678,2701,4
11272,3029,5
10710,8260,4
10716,3064,5
10744,2345,4
11331,11370,4
11339,11382,4
4056,4715,4
203,8961,4
11001,3518,4
17,2033,4
10334,17,4
10576,8714,4
5941,9063,4
7507,8445,4
7507,8004,5
11683,11698,4
3612,8801,4
8595,9441,8
11388,3573,4
11807,11835,4
11450,4449,4
4565,8295,4
10306,3502,4
4601,8353,4
6827,690,5
11906,11965,4
2696,9370,4
5054,7825,4
5277,7837,5
3551,7336,4
3275,7098,4
5132,5530,4
1138,4364,4
10016,4823,4
4336,728,4
4364,4584,7
1296,7809,4
1762,5031,4
4318,7677,4
4010,8912,4
10037,2174,4
11914,2851,5
4151,7677,4
4737,7510,4
8368,8653,5
47,5653,4
8562,9282,5
7162,8006,6
10266,4781,5
4494,8595,4
1678,4955,4
1164,8595,4
10112,3921,5
10764,11874,4
11898,5277,5
10778,11871,4
5096,5368,5
11876,382,4
11803,2437,4
10186,871,4
4675,7881,4
2062,4917,4
9359,9421,5
1747,7983,4
4737,4917,5
11860,921,4
5356,9629,4
1580,2171,4
5671,9503,4
3542,7711,4
4781,5395,4
12428,6121,5
10569,9062,4
3626,7767,4
1972,7376,6
10749,7654,4
12088,6394,6
11534,7477,4
2378,4854,6
11142,4379,5
1218,5002,4
10112,9441,4
1464,92,4
6972,7220,4
12537,6663,4
11280,8466,4
560,8576,4
11562,6678,4
2259,6678,4
10684,12551,4
10463,3178,4
7800,8642,5
482,5710,7
1115,12358,4
10141,1352,4
12777,12786,4
12725,12759,4
10667,7962,4
12841,12881,7
12841,12890,4
5295,9561,4
2767,2930,5
10591,9980,4
4850,8912,4
12298,3466,4
7324,9742,4
12669,3773,4
12604,3992,4
383,5857,4
4673,7773,4
1689,8317,4
1689,4496,4
2614,3558,4
11571,638,5
3590,4772,4
8958,9538,4
11198,13620,7
13777,13795,4
10439,7612,4
10960,13195,4
5216,8106,4
4234,5836,5
446,9505,7
2125,4410,4
13592,8218,4
13863,4045,4
13943,13959,4
6545,9061,4
10314,10601,4
6036,7836,5
10329,3257,4
12540,8732,4
12594,8036,4
11871,12516,5
1033,6001,4
12516,456,4
10762,12553,5
2125,5046,4
12695,4023,5
13602,6633,5
3632,5815,4
6915,7801,4
10631,1466,4
12001,4237,4
2717,9601,4
2251,8258,6
14074,14096,4
14022,14074,4
3128,5164,5
8642,8837,7
13404,9355,5
10685,3065,5
10585,8674,5
2512,9535,4
12299,3965,5
12787,7288,4
11198,3194,4
1143,1656,5
1181,2702,4
12947,14018,4
13221,6591,5
11211,7555,5
10605,13221,6
13561,5111,5
13682,8529,4
6758,919,4
1558,4497,4
1735,7244,4
2994,712,4
2994,7661,4
42,9540,5
5212,7114,6
5101,6067,4
183,2112,4
2099,2426,4
4755,7114,4
10067,10248,5
1057,11099,6
1057,2467,6
5920,9445,4
14644,14681,4
14712,14781,4
14701,14769,4
14714,14751,4
14715,14746,4
14754,14770,4
14776,14796,4
14716,14795,4
14716,14751,4
11528,12552,4
15146,15160,4
